# PLUTO 64uk-42ks, cd='301', first 10000 lots ordered by bbl, pulled 2026-09-20
bbl
3021280001
3021280005
3021280015
3021290001
3021290004
3021290005
3021290006
3021290007
3021290009
3021290042
3021297501
3021297502
3021297503
3021297504
3021297505
3021297506
3021297507
3021297508
3021300001
3021300002
3021300003
3021300004
3021300017
3021300021
3021300025
3021300026
3021300028
3021300104
3021307501
3021307502
3021310001
3021310008
3021310011
3021310014
3021310015
3021310016
3021310017
3021310018
3021310024
3021310026
3021310027
3021310031
3021310032
3021310034
3021310035
3021310037
3021310040
3021317501
3021317502
3021317503
3021317504
3021320011
3021320012
3021320016
3021320020
3021320021
3021320026
3021320030
3021320034
3021320035
3021320036
3021320037
3021327501
3021327502
3021327503
3021327504
3021327505
3021327506
3021330001
3021330003
3021330004
3021330008
3021330009
3021330010
3021330011
3021330012
3021330013
3021330014
3021330015
3021330018
3021330019
3021330020
3021330031
3021330032
3021330033
3021337501
3021337502
3021340036
3021340039
3021340056
3021340125
3021340126
3021340148
3021340150
3021347501
3021347502
3021347503
3021347504
3021348041
3021350001
3021350103
3021350104
3021350107
3021357501
3021357502
3021357503
3021357504
3021357505
3021357506
3021357507
3021357508
3021357509
3021360001
3021360009
3021360010
3021360011
3021360012
3021360018
3021360019
3021360020
3021360024
3021360026
3021360027
3021360028
3021360030
3021360031
3021360032
3021360034
3021360111
3021360112
3021367501
3021367502
3021367503
3021367504
3021367505
3021370005
3021370006
3021370008
3021370014
3021370020
3021370021
3021370024
3021370025
3021370026
3021370029
3021370031
3021370036
3021370038
3021370039
3021370040
3021370043
3021370044
3021370050
3021370134
3021377501
3021377502
3021377503
3021377504
3021380005
3021380007
3021380011
3021380014
3021380015
3021380016
3021380017
3021380018
3021380023
3021380024
3021380029
3021380034
3021380035
3021380108
3021380128
3021387501
3021387502
3021387503
3021387504
3021390003
3021390005
3021390006
3021390007
3021390010
3021390012
3021390013
3021390014
3021390016
3021390025
3021390026
3021390027
3021390032
3021390034
3021390037
3021390040
3021390044
3021390045
3021397501
3021397502
3021397503
3021400001
3021400003
3021400005
3021400006
3021400007
3021400009
3021400011
3021400013
3021400017
3021400021
3021400026
3021407501
3021410001
3021410005
3021410006
3021410008
3021410010
3021410012
3021410013
3021410014
3021410015
3021410016
3021410017
3021410018
3021410019
3021420005
3021427501
3021450001
3021450008
3021450017
3021450018
3021450026
3021450027
3021450028
3021450029
3021450030
3021450031
3021450032
3021450033
3021450034
3021450035
3021450036
3021460001
3021460013
3021460014
3021460015
3021460019
3021460022
3021460023
3021460027
3021460029
3021460032
3021460033
3021460034
3021460035
3021460118
3021467501
3021470001
3021470002
3021470021
3021470027
3021470028
3021470033
3021470035
3021470036
3021470043
3021477501
3021477502
3021477503
3021477504
3021477505
3021477506
3021477507
3021480001
3021480004
3021480007
3021480013
3021480016
3021480019
3021480020
3021480022
3021480023
3021480027
3021480029
3021480033
3021480036
3021480037
3021480038
3021480039
3021480040
3021480041
3021480042
3021480043
3021480044
3021480045
3021480046
3021480047
3021480048
3021480050
3021487501
3021510001
3021510006
3021510018
3021520002
3021520009
3021520010
3021520011
3021520012
3021520014
3021520015
3021520016
3021520017
3021520018
3021520019
3021520020
3021520022
3021520026
3021520028
3021520030
3021520033
3021520034
3021527501
3021527502
3021530001
3021530002
3021530008
3021530010
3021530011
3021530012
3021530013
3021530014
3021530015
3021537501
3021537502
3021537503
3021537504
3021537505
3021560001
3021560002
3021560003
3021560005
3021560007
3021560021
3021560022
3021560023
3021560123
3021560124
3021570001
3021570002
3021570003
3021570004
3021570005
3021570006
3021570019
3021570020
3021570021
3021570022
3021570024
3021570027
3021570028
3021570029
3021570030
3021570031
3021570033
3021570034
3021570035
3021570036
3021570037
3021570039
3021570040
3021577501
3021577502
3021590001
3021590002
3021600001
3021600003
3021600004
3021600005
3021600006
3021600007
3021600008
3021600009
3021600010
3021600011
3021600012
3021600014
3021600017
3021600018
3021600020
3021607501
3021607502
3021630001
3021657501
3021657502
3021657503
3021660001
3021667501
3021670001
3021687501
3021687502
3021687503
3021690001
3021690002
3021690003
3021690004
3021690005
3021690009
3021690010
3021690013
3021690014
3021690015
3021690018
3021690019
3021690021
3021690024
3021690025
3021690026
3021690028
3021690032
3021690033
3021690040
3021690041
3021690042
3021690043
3021690044
3021690045
3021690047
3021690049
3021690051
3021690052
3021690053
3021690054
3021690145
3021690146
3021697501
3021697502
3021697503
3021697504
3021697505
3021697506
3021697507
3021697508
3021697509
3021717501
3021720001
3021730001
3021730003
3021730004
3021730016
3021730020
3021730022
3021730023
3021730025
3021730027
3021730035
3021730037
3021730038
3021730040
3021730044
3021730045
3021730046
3021730047
3021730048
3021730049
3021730050
3021730051
3021730052
3021730053
3021730054
3021730055
3021730056
3021730060
3021737501
3021737502
3021737503
3021737504
3021737505
3021737506
3021737507
3021737508
3021750030
3021750060
3021750070
3021750075
3021750080
3021750090
3021757501
3021757502
3021760001
3021770001
3021770029
3021780001
3021780002
3021780003
3021780004
3021780005
3021780006
3021780012
3021780020
3021780028
3021780029
3021780032
3021780033
3021780036
3021780037
3021780038
3021780039
3021780040
3021780042
3021780045
3021780046
3021780050
3021787501
3021787502
3021807501
3021810001
3021810025
3021810035
3021820001
3021820003
3021820007
3021820009
3021820010
3021820012
3021820013
3021820014
3021820015
3021820016
3021820017
3021820018
3021820019
3021820020
3021820021
3021820023
3021820025
3021820026
3021820027
3021820028
3021820031
3021820032
3021820034
3021820035
3021820036
3021820038
3021820039
3021820040
3021820041
3021820042
3021820043
3021820044
3021820045
3021820049
3021820050
3021820051
3021820052
3021820053
3021820054
3021820055
3021820058
3021827501
3021827502
3021830001
3021830002
3021830003
3021830004
3021830005
3021830006
3021830007
3021830008
3021830009
3021830010
3021830011
3021830016
3021830020
3021830021
3021830024
3021830033
3021830034
3021830035
3021830036
3021830037
3021830038
3021830039
3021830041
3021830045
3021830046
3021830047
3021830048
3021830049
3021830050
3021830051
3021830052
3021830053
3021830054
3021830055
3021830056
3021830057
3021830058
3021830062
3021830063
3021830064
3021830065
3021830101
3021837501
3021837502
3021850001
3021850003
3021850009
3021850011
3021850012
3021850015
3021850017
3021850022
3021850023
3021850025
3021857501
3021857502
3021857503
3021860001
3021867501
3021867502
3021870001
3021870004
3021870006
3021870007
3021870008
3021870009
3021870012
3021870013
3021870014
3021870015
3021870016
3021870017
3021870018
3021870019
3021870020
3021870022
3021870023
3021870024
3021870025
3021870026
3021870027
3021870029
3021870030
3021870031
3021870032
3021870033
3021870034
3021870035
3021870036
3021870038
3021870039
3021870040
3021870042
3021870043
3021870044
3021870045
3021870046
3021870047
3021870048
3021870050
3021870051
3021870052
3021870054
3021877501
3021877502
3021877503
3021877504
3021877505
3021880001
3021880002
3021880003
3021880004
3021880005
3021880006
3021880007
3021880008
3021880009
3021880010
3021880011
3021880013
3021880016
3021880019
3021880020
3021880023
3021880024
3021880025
3021880026
3021880065
3021887501
3021887502
3021887503
3021890001
3021910001
3021910002
3021910004
3021910005
3021910007
3021910009
3021910010
3021910012
3021910013
3021910014
3021910015
3021910021
3021910023
3021910027
3021910029
3021910031
3021910033
3021910035
3021910037
3021910040
3021917501
3021917502
3021920050
3021930001
3021930006
3021930007
3021930011
3021930013
3021930014
3021930015
3021930016
3021930017
3021930018
3021930023
3021930024
3021930025
3021930028
3021930029
3021930030
3021930053
3021930055
3021930057
3021930059
3021937501
3021937502
3021940019
3021940031
3021940032
3021940033
3021940034
3021940035
3021940036
3021940037
3021940039
3021940040
3021940041
3021940042
3021940043
3021940044
3021940045
3021940046
3021940047
3021940049
3021940050
3021940051
3021940052
3021940053
3021940054
3021940055
3021940056
3021940058
3021940059
3021940060
3021940140
3021947501
3021950001
3021950014
3021970001
3021970003
3021970015
3021970020
3021970033
3021990022
3021990033
3021990034
3021990036
3021990037
3021990039
3021990043
3021990044
3021990045
3021990046
3021990047
3021997501
3022000001
3022000002
3022000003
3022000004
3022000006
3022000011
3022000014
3022000015
3022000016
3022000017
3022000018
3022000019
3022000020
3022000021
3022000022
3022000023
3022000024
3022000025
3022000026
3022000027
3022000028
3022000029
3022000030
3022000031
3022000032
3022000033
3022000036
3022000037
3022000038
3022000039
3022000040
3022000041
3022000042
3022000043
3022000044
3022000045
3022000046
3022000047
3022000048
3022000049
3022000050
3022000051
3022000054
3022000055
3022000057
3022000058
3022000059
3022000060
3022000061
3022000064
3022000065
3022000066
3022007501
3022007502
3022007503
3022007504
3022010001
3022010002
3022010003
3022010004
3022010005
3022010006
3022010007
3022010008
3022010010
3022010011
3022010012
3022010013
3022010014
3022010015
3022010016
3022010017
3022010018
3022010019
3022010023
3022010024
3022010025
3022010028
3022010029
3022010030
3022010031
3022010032
3022010035
3022010037
3022010038
3022010039
3022010041
3022010042
3022010043
3022010044
3022010045
3022010046
3022010047
3022010048
3022010049
3022010050
3022010051
3022010052
3022010053
3022010054
3022010055
3022010056
3022010057
3022010058
3022010059
3022010060
3022010062
3022010063
3022010064
3022010065
3022010066
3022010067
3022017501
3022017502
3022030001
3022030007
3022030016
3022030020
3022030024
3022040039
3022040044
3022040045
3022047501
3022047502
3022050001
3022050002
3022050003
3022050004
3022050005
3022050006
3022050007
3022050008
3022050009
3022050010
3022050011
3022050012
3022050013
3022050014
3022050015
3022050016
3022050017
3022050018
3022050019
3022050020
3022050021
3022050022
3022050023
3022050024
3022050029
3022050030
3022050031
3022050032
3022050034
3022050040
3022050044
3022050046
3022050047
3022050048
3022050049
3022050050
3022050051
3022050052
3022050053
3022050054
3022050055
3022050056
3022050058
3022050060
3022057501
3022057502
3022057503
3022057504
3022060001
3022060003
3022060007
3022060011
3022060013
3022060014
3022060015
3022060016
3022060017
3022060018
3022060019
3022060020
3022060021
3022060022
3022060023
3022060024
3022060025
3022060026
3022060027
3022060029
3022060030
3022060031
3022060032
3022060033
3022060034
3022060035
3022060036
3022060037
3022060038
3022060039
3022060040
3022060041
3022060042
3022060044
3022060045
3022060046
3022060047
3022060048
3022060049
3022060051
3022060052
3022060053
3022060054
3022060055
3022060056
3022060057
3022060058
3022060059
3022060060
3022060061
3022060062
3022060063
3022060064
3022060065
3022067501
3022070001
3022070002
3022070013
3022070014
3022070015
3022070016
3022070017
3022070018
3022070019
3022070020
3022070021
3022070022
3022070023
3022070024
3022070025
3022070026
3022070027
3022070028
3022070032
3022070035
3022070036
3022070037
3022070038
3022070039
3022070040
3022070042
3022070044
3022070045
3022070047
3022070048
3022070050
3022070051
3022070052
3022070053
3022070054
3022070055
3022070058
3022070059
3022070060
3022070061
3022070062
3022070063
3022070064
3022070065
3022070066
3022077501
3022077502
3022077503
3022077504
3022080001
3022080002
3022080004
3022080005
3022080006
3022080007
3022080010
3022080011
3022080012
3022080013
3022080014
3022080015
3022080016
3022080021
3022080022
3022087501
3022100001
3022100002
3022100016
3022100018
3022100019
3022100020
3022100021
3022100022
3022100023
3022100024
3022100027
3022100028
3022100029
3022100035
3022100038
3022100041
3022100042
3022100043
3022100044
3022100045
3022100046
3022100047
3022100048
3022100049
3022100050
3022100051
3022100052
3022100053
3022100054
3022100055
3022100056
3022100057
3022100058
3022100059
3022100060
3022100061
3022100062
3022107501
3022107502
3022107503
3022107504
3022107505
3022107506
3022107507
3022110001
3022110002
3022110003
3022110005
3022110006
3022110007
3022110008
3022110009
3022110012
3022110013
3022110014
3022110015
3022110016
3022110017
3022110018
3022110019
3022110020
3022110021
3022110022
3022110023
3022110024
3022110025
3022110026
3022110027
3022110028
3022110029
3022110030
3022110031
3022110034
3022110036
3022110038
3022110039
3022110040
3022110041
3022110042
3022110043
3022110044
3022110045
3022110046
3022110047
3022110048
3022110049
3022110050
3022110051
3022110052
3022110053
3022110054
3022110056
3022110057
3022110058
3022110059
3022110060
3022117502
3022117503
3022120001
3022120002
3022120003
3022120004
3022120005
3022120006
3022120007
3022120009
3022120010
3022120011
3022120012
3022120013
3022120014
3022120015
3022120016
3022120017
3022120018
3022120019
3022120020
3022120021
3022120023
3022120024
3022120025
3022120026
3022120027
3022120028
3022120029
3022120030
3022120031
3022120032
3022120033
3022120034
3022120035
3022120036
3022120038
3022120039
3022120040
3022120041
3022120042
3022120043
3022120044
3022120045
3022120046
3022120047
3022120048
3022120049
3022120050
3022120051
3022120052
3022120053
3022120054
3022120055
3022120057
3022120058
3022120059
3022120060
3022120061
3022120062
3022120063
3022120065
3022127501
3022127502
3022130001
3022130002
3022130003
3022130004
3022130005
3022130006
3022130007
3022130009
3022130012
3022130013
3022130015
3022130016
3022130017
3022130018
3022130019
3022130020
3022130021
3022130022
3022130023
3022130024
3022130025
3022130026
3022130027
3022130028
3022130029
3022130030
3022130031
3022130034
3022130036
3022130038
3022130040
3022130041
3022130042
3022130043
3022130044
3022130045
3022130046
3022130047
3022130048
3022130049
3022130050
3022130051
3022130052
3022130053
3022130054
3022130055
3022130056
3022130057
3022130058
3022130059
3022130060
3022130061
3022130062
3022130064
3022130065
3022137501
3022137502
3022137503
3022140001
3022140002
3022140007
3022140008
3022140009
3022140010
3022140011
3022140012
3022140016
3022140021
3022140024
3022140030
3022140033
3022140034
3022150050
3022160001
3022160004
3022160006
3022160013
3022160017
3022160019
3022160032
3022160038
3022170001
3022170007
3022170008
3022170010
3022170012
3022170013
3022170015
3022170016
3022170017
3022170018
3022170019
3022170020
3022170021
3022170022
3022170023
3022170028
3022170031
3022170032
3022170033
3022170034
3022170035
3022170038
3022170041
3022170042
3022170044
3022170045
3022170046
3022170047
3022170049
3022170051
3022170052
3022170054
3022170055
3022170056
3022170057
3022170058
3022170059
3022170062
3022170068
3022177501
3022177502
3022177503
3022177504
3022177505
3022180001
3022180002
3022180003
3022180004
3022180005
3022180006
3022180007
3022180008
3022180009
3022180010
3022180011
3022180012
3022180013
3022180014
3022180015
3022180018
3022180020
3022180022
3022180023
3022180024
3022180025
3022180026
3022180027
3022180031
3022180032
3022180033
3022180034
3022180038
3022180039
3022180040
3022180041
3022180042
3022180043
3022180044
3022180045
3022180046
3022180047
3022180048
3022180049
3022180050
3022180051
3022180052
3022180054
3022180056
3022180057
3022180058
3022180059
3022180060
3022180061
3022187501
3022187502
3022187503
3022187504
3022187505
3022187506
3022187507
3022187508
3022190001
3022190002
3022190003
3022190004
3022190005
3022190006
3022190007
3022190008
3022190009
3022190010
3022190011
3022190012
3022190013
3022190014
3022190015
3022190016
3022190017
3022190018
3022190019
3022190020
3022190021
3022190022
3022190023
3022190024
3022190025
3022190026
3022190027
3022190028
3022190029
3022190030
3022190031
3022190032
3022190033
3022190034
3022190035
3022190042
3022190043
3022190045
3022190046
3022190047
3022190048
3022190049
3022190051
3022190052
3022190053
3022190056
3022190057
3022190058
3022190059
3022190061
3022190062
3022190063
3022190064
3022190065
3022190066
3022190069
3022197501
3022197502
3022197503
3022200001
3022200004
3022200006
3022200007
3022200008
3022200009
3022200010
3022200011
3022200012
3022200013
3022200014
3022200015
3022200016
3022200017
3022200018
3022200020
3022200021
3022200022
3022200023
3022200024
3022200026
3022200027
3022200028
3022200029
3022200030
3022200031
3022200032
3022200034
3022200036
3022200038
3022200044
3022200045
3022200046
3022200047
3022200048
3022200049
3022200050
3022200051
3022200052
3022200053
3022200055
3022200057
3022200058
3022200059
3022200062
3022200063
3022200064
3022200065
3022200066
3022200067
3022200068
3022200069
3022207501
3022207502
3022210003
3022210004
3022210005
3022210006
3022210007
3022210008
3022210009
3022210011
3022210014
3022210017
3022210020
3022210023
3022210028
3022210034
3022210042
3022217501
3022217502
3022230002
3022230003
3022230004
3022230005
3022230007
3022230015
3022230023
3022237501
3022237502
3022237503
3022237504
3022237505
3022237506
3022237507
3022240005
3022240013
3022240017
3022240018
3022240020
3022240021
3022240022
3022240023
3022240024
3022240025
3022240026
3022240027
3022240028
3022240029
3022240030
3022240031
3022240033
3022240034
3022240036
3022240038
3022240040
3022240042
3022240044
3022247501
3022247502
3022247503
3022247504
3022247505
3022247506
3022250001
3022250003
3022250005
3022250007
3022250008
3022250010
3022250014
3022250015
3022250016
3022250017
3022250018
3022250019
3022250020
3022250021
3022250022
3022250023
3022250024
3022250025
3022250026
3022250027
3022250028
3022250029
3022250030
3022250031
3022250034
3022250036
3022250038
3022250040
3022250042
3022250050
3022257501
3022257502
3022257503
3022260001
3022260002
3022260003
3022260004
3022260005
3022260006
3022260007
3022260008
3022260009
3022260010
3022260011
3022260012
3022260013
3022260014
3022260015
3022260016
3022260017
3022260018
3022260019
3022260022
3022260023
3022260026
3022260027
3022260028
3022260029
3022260030
3022260031
3022260033
3022260036
3022260037
3022260038
3022260039
3022260040
3022260041
3022260042
3022260043
3022260044
3022260045
3022260046
3022260047
3022260048
3022260049
3022260050
3022260051
3022260053
3022260054
3022260055
3022260056
3022260057
3022260058
3022260059
3022260060
3022260061
3022260062
3022260063
3022260064
3022260065
3022260066
3022260067
3022260068
3022260069
3022267501
3022267502
3022267503
3022267504
3022267505
3022267506
3022270001
3022270032
3022280001
3022280011
3022280021
3022280025
3022280027
3022280028
3022280031
3022280033
3022280035
3022280040
3022280041
3022281101
3022281102
3022281103
3022281104
3022281105
3022281109
3022287501
3022287502
3022290001
3022300001
3022300004
3022300006
3022300007
3022300013
3022300031
3022300032
3022300033
3022300034
3022300035
3022300036
3022307501
3022307502
3022307503
3022307504
3022307505
3022307506
3022307507
3022310001
3022310002
3022310005
3022310006
3022310007
3022310008
3022310013
3022310014
3022310015
3022310018
3022310019
3022310020
3022310021
3022310022
3022310023
3022310024
3022310025
3022310026
3022310027
3022310028
3022310029
3022310030
3022310031
3022310032
3022310033
3022310034
3022310035
3022310036
3022310037
3022310038
3022310039
3022310040
3022310042
3022310043
3022310044
3022310049
3022310051
3022310055
3022310062
3022310065
3022310066
3022310067
3022310069
3022310070
3022310071
3022310072
3022310073
3022317501
3022317502
3022317503
3022317504
3022317505
3022317506
3022317507
3022317508
3022317509
3022317510
3022317511
3022320001
3022320004
3022320005
3022320006
3022320007
3022320008
3022320009
3022320010
3022320011
3022320014
3022320015
3022320016
3022320017
3022320018
3022320019
3022320020
3022320021
3022320022
3022320023
3022320024
3022320025
3022320027
3022320028
3022320029
3022320030
3022320031
3022320032
3022320033
3022320034
3022320035
3022320036
3022320037
3022320038
3022320047
3022320049
3022320050
3022320051
3022320052
3022320054
3022320055
3022320056
3022320057
3022320058
3022320059
3022320060
3022320061
3022320062
3022320063
3022320064
3022320065
3022320066
3022320068
3022320070
3022320071
3022320140
3022320143
3022320145
3022327501
3022327502
3022327503
3022327504
3022327505
3022330001
3022340002
3022340003
3022340006
3022340007
3022340008
3022340009
3022340010
3022340012
3022340015
3022340019
3022340037
3022340043
3022340044
3022340045
3022340046
3022340047
3022340048
3022340049
3022340053
3022340054
3022340124
3022340150
3022340151
3022347501
3022347502
3022347503
3022347504
3022347505
3022347506
3022350017
3022350024
3022350035
3022350038
3022350041
3022350055
3022357501
3022357502
3022357503
3022357504
3022357505
3022357506
3022357507
3022357508
3022357509
3022357510
3022357511
3022357512
3022357513
3022360001
3022360005
3022360007
3022360008
3022360009
3022367501
3022367502
3022367503
3022370003
3022370004
3022370005
3022370006
3022370008
3022370009
3022370011
3022370012
3022370015
3022370016
3022370020
3022370025
3022370029
3022370031
3022370032
3022370033
3022370039
3022370041
3022370043
3022370057
3022370113
3022370114
3022370126
3022370127
3022377501
3022377502
3022377503
3022377504
3022377505
3022377506
3022377507
3022377508
3022377509
3022377510
3022377511
3022377512
3022377513
3022377514
3022377515
3022377516
3022377517
3022377518
3022377519
3022380001
3022380007
3022380008
3022380044
3022380049
3022380070
3022380102
3022380103
3022380104
3022380109
3022380127
3022387501
3022387502
3022387503
3022387504
3022387505
3022390001
3022390008
3022397501
3022400012
3022400013
3022400015
3022400016
3022400018
3022400020
3022400021
3022400022
3022400023
3022400024
3022400025
3022400026
3022400028
3022400029
3022400039
3022400040
3022400041
3022400042
3022400043
3022400044
3022400045
3022400046
3022400071
3022400153
3022400155
3022400159
3022400162
3022407501
3022407502
3022407503
3022407504
3022407505
3022407506
3022407507
3022407508
3022407509
3022407510
3022407511
3022407512
3022407513
3022407514
3022407515
3022407516
3022407517
3022407518
3022407519
3022407520
3022410034
3022410036
3022410037
3022410064
3022414301
3022414302
3022417501
3022417502
3022417503
3022417504
3022417505
3022417506
3022417507
3022417508
3022417509
3022417510
3022417511
3022417512
3022417513
3022417514
3022417515
3022417516
3022417517
3022417518
3022417519
3022417520
3022417521
3022417522
3022417523
3022417524
3022417525
3022417526
3022417527
3022417528
3022417529
3022417530
3022417531
3022417532
3022417533
3022417534
3022417535
3022417536
3022420001
3022420002
3022420003
3022420015
3022420016
3022420017
3022420019
3022420020
3022420022
3022420023
3022420026
3022420027
3022420035
3022420036
3022420037
3022420045
3022420046
3022420048
3022420049
3022420050
3022420051
3022420052
3022420053
3022420054
3022420057
3022421601
3022421602
3022421603
3022427501
3022427502
3022427503
3022427504
3022427505
3022427506
3022427507
3022427508
3022430001
3022447501
3022450005
3022450055
3022450058
3022450060
3022450062
3022450108
3022450139
3022450140
3022450141
3022450142
3022450143
3022450149
3022450154
3022457501
3022457502
3022457503
3022457504
3022460001
3022470001
3022470004
3022470005
3022470006
3022470007
3022470012
3022470013
3022477501
3022480006
3022487501
3022487502
3022487503
3022490023
3022490122
3022497501
3022497502
3022497503
3022497504
3022500004
3022500006
3022500007
3022500008
3022500010
3022500013
3022500014
3022500020
3022500021
3022500022
3022500023
3022500024
3022500032
3022500033
3022500036
3022500038
3022500040
3022500042
3022500043
3022500044
3022500046
3022500048
3022500129
3022507501
3022507502
3022507503
3022507504
3022510002
3022517501
3022517502
3022517503
3022517504
3022517505
3022600014
3022600035
3022607501
3022610009
3022610017
3022610030
3022617501
3022620001
3022620017
3022620019
3022620024
3022620026
3022620028
3022620034
3022620036
3022620040
3022620042
3022627501
3022627502
3022627503
3022627504
3022627505
3022627506
3022627507
3022627508
3022627509
3022627510
3022630008
3022630014
3022630022
3022630025
3022630027
3022630028
3022630043
3022630046
3022630048
3022630055
3022630057
3022630058
3022630059
3022630060
3022630061
3022630071
3022630073
3022630074
3022630077
3022630081
3022630083
3022637501
3022637502
3022637503
3022637504
3022637505
3022637506
3022637507
3022637508
3022637509
3022637510
3022637511
3022640001
3022640003
3022640004
3022640005
3022640045
3022640048
3022640049
3022640050
3022640057
3022640059
3022640063
3022640074
3022647501
3022647502
3022647503
3022647504
3022647505
3022647506
3022647507
3022647508
3022647509
3022647510
3022647511
3022647512
3022647513
3022647514
3022647515
3022647516
3022647517
3022647518
3022647519
3022647520
3022647521
3022647522
3022650022
3022657501
3022657502
3022657503
3022657504
3022660001
3022660009
3022660010
3022660012
3022660013
3022660017
3022660018
3022660019
3022660030
3022660036
3022660037
3022660038
3022660039
3022660048
3022660049
3022660052
3022667501
3022667502
3022667503
3022667504
3022667505
3022667506
3022667507
3022667508
3022667509
3022667510
3022667511
3022667512
3022667513
3022667514
3022667515
3022667516
3022667517
3022667518
3022670011
3022670012
3022670014
3022670015
3022670207
3022677501
3022677502
3022677503
3022680001
3022680002
3022690003
3022690005
3022690014
3022690016
3022690017
3022690018
3022690019
3022690020
3022690023
3022690024
3022690039
3022690040
3022690041
3022690042
3022690043
3022690045
3022690047
3022690048
3022690049
3022690050
3022690051
3022690052
3022697501
3022697502
3022697503
3022700001
3022700009
3022700010
3022700012
3022707501
3022710001
3022720001
3022720002
3022720006
3022720011
3022720013
3022720021
3022720049
3022720055
3022720057
3022727501
3022727502
3022727503
3022727504
3022730001
3022730002
3022730006
3022730008
3022730009
3022730011
3022730012
3022730013
3022730014
3022730015
3022730016
3022730018
3022730019
3022730026
3022730033
3022740001
3022740005
3022740006
3022740010
3022740011
3022740012
3022740013
3022740014
3022740015
3022740016
3022740020
3022740021
3022740023
3022740024
3022750001
3022750008
3022750009
3022750010
3022750011
3022750021
3022750101
3022760003
3022760004
3022760016
3022760017
3022760018
3022760020
3022760021
3022760022
3022760024
3022760026
3022760028
3022760029
3022760033
3022760034
3022760035
3022760036
3022760037
3022760043
3022760044
3022767501
3022767502
3022767503
3022770001
3022780001
3022780002
3022790001
3022790013
3022790015
3022790026
3022790030
3022790034
3022820001
3022830001
3022830025
3022830028
3022830031
3022830033
3022830035
3022830038
3022830041
3022830043
3022870001
3022870016
3022870030
3022880001
3022880013
3022880014
3022880018
3022880024
3022890001
3022890014
3022890033
3022897501
3022900005
3022900010
3022900015
3022900017
3022900018
3022900019
3022900020
3022900021
3022900022
3022900023
3022900024
3022900025
3022900026
3022900027
3022907501
3022907502
3022910001
3022910017
3022910051
3022920001
3022920009
3022920011
3022920012
3022920013
3022920014
3022920015
3022920017
3022920018
3022920019
3022920020
3022920028
3022920029
3022927501
3022927502
3022927503
3022927504
3022927505
3022927506
3022940001
3022940005
3022950001
3022950003
3022950006
3022950007
3022950008
3022950009
3022950018
3022950019
3022950021
3022950024
3022950030
3022950031
3022950107
3022960004
3022960012
3022960040
3022967501
3022970010
3022970012
3022970013
3022970014
3022970015
3022970016
3022970017
3022970018
3022970019
3022970020
3022970021
3022970120
3022977501
3022977502
3022980001
3022980002
3022980003
3022980004
3022980005
3022980006
3022980007
3022980008
3022980013
3022980017
3022980021
3022980025
3022980029
3022987501
3022987502
3022997501
3022997502
3022997503
3023000009
3023000010
3023000011
3023000012
3023000013
3023000016
3023000017
3023000018
3023000020
3023000026
3023007501
3023007502
3023010001
3023010050
3023010060
3023010070
3023020001
3023020006
3023020028
3023020029
3023020034
3023020035
3023020041
3023030001
3023030009
3023030010
3023030024
3023030025
3023030027
3023030028
3023030029
3023030030
3023030031
3023030035
3023030036
3023030040
3023037501
3023037502
3023037503
3023040001
3023040002
3023040003
3023040004
3023040005
3023040007
3023040008
3023040010
3023040015
3023040018
3023040019
3023040020
3023040021
3023040022
3023040024
3023040025
3023040026
3023040027
3023040028
3023040029
3023040030
3023040031
3023040032
3023040033
3023040034
3023040035
3023040037
3023047501
3023047502
3023047503
3023047504
3023050001
3023050002
3023050003
3023050004
3023050005
3023050006
3023050007
3023050008
3023050009
3023050010
3023050011
3023050015
3023050016
3023050017
3023050018
3023050032
3023050034
3023057501
3023060001
3023060005
3023060006
3023060007
3023060008
3023060009
3023060010
3023060015
3023060018
3023060022
3023060025
3023060027
3023070001
3023070022
3023070025
3023070027
3023070038
3023080001
3023090013
3023090015
3023090017
3023090022
3023090023
3023090024
3023090025
3023090026
3023090027
3023090031
3023097501
3023097502
3023100001
3023100002
3023100003
3023100004
3023100009
3023100010
3023100011
3023100012
3023100013
3023100014
3023100015
3023100016
3023100017
3023100018
3023100019
3023100020
3023100021
3023100022
3023100023
3023100024
3023100025
3023100026
3023100027
3023100028
3023100029
3023100030
3023100031
3023100032
3023100033
3023100034
3023100035
3023100036
3023100038
3023100039
3023100040
3023100041
3023100042
3023107501
3023110001
3023110002
3023110003
3023110004
3023110005
3023110006
3023110007
3023110008
3023110009
3023110010
3023110011
3023110012
3023110013
3023110014
3023110015
3023110016
3023110017
3023110018
3023110019
3023110020
3023110021
3023110022
3023110024
3023110025
3023110026
3023110027
3023110029
3023110030
3023110031
3023110033
3023110034
3023110035
3023110036
3023110037
3023110038
3023110039
3023110040
3023120001
3023120002
3023120003
3023120004
3023120005
3023120006
3023120007
3023120008
3023120009
3023120010
3023120011
3023120013
3023120015
3023120016
3023120017
3023120018
3023120019
3023120020
3023120022
3023120031
3023120032
3023120033
3023120034
3023120035
3023120036
3023120037
3023127501
3023130001
3023130004
3023130013
3023130017
3023130018
3023130022
3023130024
3023130026
3023130028
3023130029
3023130030
3023130032
3023137501
3023137502
3023137503
3023140001
3023140005
3023140020
3023140021
3023140022
3023140023
3023140024
3023140025
3023140026
3023140027
3023140028
3023140029
3023140030
3023140031
3023140032
3023140122
3023147501
3023147502
3023147503
3023150001
3023150014
3023150021
3023150026
3023150028
3023150031
3023150033
3023150133
3023160001
3023160049
3023170005
3023170009
3023170010
3023170011
3023170012
3023170013
3023170014
3023170015
3023170016
3023170017
3023170018
3023170019
3023170020
3023170021
3023170022
3023170023
3023170024
3023170025
3023170026
3023170027
3023170028
3023170029
3023170030
3023170033
3023170034
3023170035
3023180001
3023180002
3023180004
3023180005
3023180006
3023180007
3023180008
3023180009
3023180010
3023180011
3023180012
3023180013
3023180014
3023180015
3023180016
3023180017
3023180019
3023180021
3023180022
3023180023
3023180024
3023180026
3023180029
3023180030
3023180031
3023180032
3023180033
3023180034
3023180035
3023180036
3023180037
3023180038
3023180039
3023180040
3023180041
3023180042
3023187501
3023190001
3023190002
3023190003
3023190005
3023190006
3023190007
3023190008
3023190010
3023190013
3023190014
3023190015
3023190016
3023190017
3023190018
3023190019
3023190020
3023190021
3023190022
3023190026
3023190027
3023190028
3023190029
3023190030
3023190117
3023190124
3023197501
3023197502
3023200001
3023200002
3023200003
3023200004
3023200005
3023200006
3023200007
3023200008
3023200009
3023200010
3023200011
3023200012
3023200013
3023200014
3023200016
3023200018
3023200019
3023200020
3023200021
3023200022
3023200023
3023200024
3023200025
3023200026
3023200027
3023200028
3023200032
3023200034
3023200035
3023207501
3023207502
3023210001
3023210002
3023210003
3023210004
3023210005
3023210006
3023210007
3023210008
3023210009
3023210010
3023210011
3023210012
3023210014
3023210015
3023210025
3023210026
3023210027
3023210028
3023210029
3023210030
3023210031
3023210032
3023210033
3023210034
3023210035
3023210036
3023210037
3023210038
3023210041
3023210042
3023217501
3023217502
3023220001
3023220006
3023220010
3023220018
3023220019
3023220020
3023220021
3023220022
3023220023
3023220026
3023220027
3023220028
3023230001
3023230002
3023230004
3023230005
3023230008
3023230016
3023230017
3023230018
3023230019
3023230031
3023230045
3023230053
3023230054
3023230057
3023230061
3023237501
3023237502
3023237503
3023240030
3023240040
3023247501
3023247502
3023250006
3023250007
3023250008
3023250009
3023250010
3023250011
3023250012
3023250014
3023250015
3023250016
3023250017
3023250018
3023250020
3023250021
3023250024
3023250027
3023250028
3023250030
3023257501
3023260001
3023260002
3023260004
3023260005
3023260007
3023260008
3023260009
3023260010
3023260011
3023260012
3023260013
3023260014
3023260015
3023260016
3023260017
3023260025
3023260029
3023260030
3023260031
3023260032
3023260033
3023260034
3023260035
3023260036
3023260037
3023260038
3023260039
3023260041
3023267501
3023270001
3023270002
3023270004
3023270005
3023270011
3023270012
3023270013
3023270014
3023270015
3023270016
3023270017
3023270019
3023270022
3023270023
3023270028
3023270029
3023270030
3023270031
3023270032
3023270034
3023270035
3023270036
3023270037
3023280001
3023280002
3023280003
3023280004
3023280005
3023280006
3023280008
3023280015
3023280018
3023280019
3023280020
3023280021
3023280022
3023280023
3023280024
3023280025
3023280030
3023280034
3023290001
3023290002
3023290003
3023290005
3023290006
3023290007
3023290008
3023290009
3023290010
3023290012
3023290013
3023290016
3023290017
3023290018
3023290020
3023290021
3023290023
3023290024
3023290025
3023290026
3023290027
3023290028
3023290029
3023290030
3023290031
3023290032
3023290033
3023290034
3023290035
3023290036
3023290037
3023290038
3023290039
3023290040
3023297501
3023300011
3023310001
3023310002
3023310003
3023310005
3023310006
3023310007
3023310008
3023310020
3023310042
3023310046
3023310047
3023310048
3023310049
3023310050
3023310051
3023310052
3023310053
3023310054
3023317501
3023317502
3023320030
3023320031
3023320032
3023320033
3023320034
3023320035
3023320040
3023327501
3023327502
3023330005
3023330010
3023330011
3023330013
3023330015
3023330019
3023337501
3023337502
3023340001
3023340003
3023340005
3023340009
3023340011
3023340016
3023340019
3023340020
3023340023
3023340026
3023340028
3023340040
3023340045
3023340050
3023340111
3023347501
3023350001
3023350002
3023350003
3023350004
3023350005
3023350006
3023350012
3023350018
3023350020
3023350021
3023350022
3023350024
3023350025
3023350026
3023350027
3023350028
3023350029
3023350031
3023350037
3023350038
3023350039
3023350040
3023350043
3023350044
3023350137
3023357501
3023357502
3023360001
3023360002
3023360003
3023360004
3023360005
3023360008
3023360009
3023360010
3023360011
3023360012
3023360013
3023360015
3023360016
3023360017
3023360018
3023360022
3023360023
3023360024
3023360025
3023360029
3023360030
3023360031
3023360032
3023360038
3023360040
3023360041
3023360042
3023367501
3023367502
3023367503
3023370001
3023370002
3023370003
3023370004
3023370005
3023370006
3023370008
3023370010
3023370012
3023370014
3023370015
3023370016
3023370018
3023370020
3023370022
3023370025
3023370026
3023370027
3023370028
3023370029
3023370030
3023370031
3023370035
3023370036
3023370039
3023370040
3023370041
3023377501
3023377502
3023377503
3023377504
3023380001
3023380002
3023380003
3023380004
3023380005
3023380006
3023380007
3023380008
3023380010
3023380011
3023380012
3023380015
3023380016
3023380017
3023380018
3023380019
3023380020
3023380021
3023380022
3023380023
3023380027
3023380033
3023380034
3023380035
3023380036
3023380038
3023387501
3023387502
3023390001
3023390006
3023390011
3023390012
3023390013
3023390014
3023390015
3023390016
3023390017
3023390021
3023390023
3023390025
3023390026
3023390027
3023390028
3023390029
3023390031
3023397501
3023397502
3023400004
3023400009
3023400011
3023400013
3023400014
3023407501
3023407502
3023407503
3023410001
3023410009
3023420001
3023420015
3023420019
3023420020
3023420022
3023420023
3023420026
3023420027
3023420028
3023420029
3023420030
3023420031
3023427501
3023430001
3023430002
3023430003
3023430005
3023430007
3023430010
3023430011
3023430012
3023430017
3023430018
3023430019
3023430020
3023430021
3023430022
3023430023
3023430024
3023430025
3023430026
3023430027
3023430028
3023430101
3023430108
3023430109
3023440001
3023440002
3023440003
3023440004
3023440008
3023440013
3023440016
3023440032
3023440033
3023440034
3023440035
3023447501
3023447502
3023447503
3023447504
3023450001
3023460001
3023460003
3023460005
3023460007
3023460008
3023460009
3023460010
3023460011
3023460012
3023460013
3023460014
3023460015
3023460016
3023460017
3023460018
3023460020
3023460021
3023460025
3023460026
3023460028
3023460029
3023460034
3023460035
3023460037
3023467501
3023467502
3023487501
3023490015
3023490018
3023490021
3023490023
3023497501
3023500002
3023500026
3023507501
3023507502
3023510006
3023517501
3023520006
3023520025
3023520090
3023527501
3023527502
3023530009
3023530010
3023530016
3023530026
3023530028
3023530029
3023530030
3023537501
3023537502
3023537503
3023540001
3023550001
3023560001
3023570008
3023570011
3023570015
3023570016
3023570017
3023570021
3023570022
3023570024
3023570025
3023570029
3023570116
3023577501
3023577502
3023577503
3023577504
3023577505
3023580001
3023580004
3023580018
3023580019
3023580020
3023580022
3023580023
3023580024
3023580036
3023580037
3023580137
3023587501
3023587502
3023587503
3023587504
3023587505
3023590020
3023590021
3023590022
3023590023
3023590024
3023590028
3023590029
3023590030
3023590031
3023597501
3023600001
3023600004
3023600006
3023610001
3023610101
3023610102
3023610103
3023610121
3023620001
3023620003
3023630038
3023637501
3023637502
3023640001
3023640013
3023640015
3023640016
3023640019
3023640021
3023640022
3023640024
3023640025
3023640026
3023640113
3023647501
3023650001
3023650002
3023650003
3023650004
3023650006
3023650007
3023650008
3023650009
3023650010
3023650011
3023650015
3023650019
3023650034
3023650035
3023650036
3023657501
3023660001
3023660004
3023660010
3023660011
3023660012
3023660013
3023660014
3023660015
3023660016
3023660024
3023660025
3023660028
3023660029
3023660030
3023667501
3023667502
3023670001
3023670002
3023670011
3023670019
3023670021
3023670027
3023670028
3023670035
3023670036
3023670037
3023670038
3023670039
3023670040
3023670041
3023670042
3023670043
3023677501
3023677502
3023677503
3023680001
3023680012
3023680015
3023680018
3023680019
3023680021
3023680022
3023680023
3023680025
3023680026
3023680029
3023680031
3023680033
3023680034
3023680035
3023680036
3023687501
3023690002
3023690003
3023690004
3023690006
3023690007
3023690008
3023690010
3023690011
3023690012
3023690013
3023690014
3023690015
3023690016
3023690017
3023690018
3023690019
3023690027
3023690028
3023690029
3023690031
3023690033
3023690034
3023690035
3023690036
3023690037
3023690038
3023690040
3023690047
3023697501
3023700001
3023710014
3023710016
3023710017
3023710018
3023710027
3023710034
3023710040
3023710042
3023710048
3023710050
3023717501
3023720001
3023720005
3023720009
3023740001
3023740007
3023740016
3023740018
3023740019
3023740020
3023740021
3023740022
3023740023
3023740025
3023740026
3023740027
3023740028
3023750005
3023750010
3023750012
3023750016
3023750023
3023750024
3023750027
3023750028
3023750029
3023757501
3023760006
3023770002
3023770012
3023780001
3023780002
3023780005
3023780006
3023780007
3023780008
3023780011
3023780014
3023780021
3023780028
3023780029
3023780030
3023780035
3023780036
3023780037
3023780038
3023780039
3023780040
3023780042
3023780044
3023780103
3023780129
3023787501
3023787502
3023787503
3023790002
3023790003
3023790004
3023790005
3023790006
3023790007
3023790008
3023790009
3023790012
3023790014
3023790024
3023790030
3023790032
3023790033
3023790034
3023790035
3023790037
3023790038
3023790039
3023790040
3023790043
3023790044
3023790045
3023797501
3023797502
3023797503
3023797504
3023800001
3023800004
3023800008
3023800009
3023800010
3023800011
3023800012
3023800014
3023800015
3023800016
3023800020
3023800023
3023800025
3023800026
3023800028
3023800029
3023800030
3023800031
3023800032
3023800033
3023800035
3023800036
3023800037
3023800038
3023800040
3023800041
3023807501
3023807502
3023810001
3023810004
3023810005
3023810006
3023810007
3023810008
3023810009
3023810011
3023810012
3023810013
3023810014
3023810029
3023810033
3023810034
3023810035
3023820002
3023820003
3023820004
3023820005
3023820006
3023820007
3023820008
3023820009
3023820010
3023820011
3023820012
3023820013
3023820014
3023820015
3023820016
3023820017
3023820018
3023820021
3023820022
3023820023
3023820024
3023820025
3023820026
3023820027
3023820028
3023827501
3023827502
3023830001
3023830002
3023830003
3023830004
3023830007
3023830014
3023830015
3023830016
3023830024
3023830026
3023830027
3023830028
3023830029
3023830030
3023830031
3023830032
3023830036
3023830037
3023830039
3023837501
3023837502
3023837503
3023837504
3023837505
3023840001
3023840003
3023840008
3023840017
3023840019
3023840020
3023840021
3023840022
3023840026
3023840027
3023840028
3023840031
3023840032
3023840033
3023840034
3023840035
3023840036
3023840037
3023840038
3023840123
3023840124
3023840125
3023847501
3023860001
3023860002
3023860003
3023860007
3023860018
3023860021
3023860023
3023860024
3023860025
3023860026
3023860027
3023860028
3023860029
3023860129
3023870002
3023870006
3023870007
3023870012
3023870013
3023870014
3023870015
3023870016
3023870018
3023870019
3023870020
3023870021
3023870022
3023870023
3023870024
3023870025
3023870026
3023870027
3023870028
3023870029
3023870030
3023870031
3023870032
3023870033
3023870034
3023870035
3023870036
3023870037
3023870039
3023870040
3023870113
3023870123
3023877501
3023900001
3023900005
3023900007
3023900010
3023900011
3023900012
3023900013
3023900014
3023900015
3023900016
3023900017
3023900018
3023900020
3023900021
3023900023
3023900024
3023900025
3023900033
3023900036
3023900037
3023900039
3023900041
3023900043
3023901101
3023901102
3023901103
3023901104
3023907501
3023907502
3023910001
3023920001
3023920002
3023920003
3023920004
3023920007
3023920008
3023920013
3023920014
3023920015
3023920017
3023920018
3023920020
3023920022
3023920023
3023920024
3023920029
3023920030
3023920031
3023920032
3023920033
3023920035
3023920036
3023920037
3023920039
3023920040
3023920041
3023920044
3023920045
3023920046
3023920104
3023920140
3023927501
3023927502
3023927503
3023927504
3023930001
3023930002
3023930004
3023930005
3023930007
3023930008
3023930009
3023930010
3023930011
3023930012
3023930013
3023930017
3023930018
3023930019
3023930020
3023930022
3023930023
3023930025
3023930026
3023930027
3023930029
3023930030
3023930031
3023930032
3023930033
3023930034
3023930035
3023930041
3023930042
3023930043
3023930044
3023930045
3023937501
3023937502
3023940001
3023940005
3023940006
3023940009
3023940010
3023940011
3023940012
3023940013
3023940014
3023940016
3023940018
3023940019
3023940020
3023940022
3023940026
3023940027
3023940028
3023940030
3023940037
3023947501
3023947502
3023947503
3023950001
3023950002
3023950004
3023950005
3023950007
3023950008
3023950009
3023950010
3023950011
3023950013
3023950014
3023950015
3023950016
3023950017
3023950019
3023950025
3023950027
3023950028
3023950029
3023950032
3023950033
3023950128
3023960001
3023960010
3023960011
3023960012
3023960013
3023960014
3023960016
3023960017
3023960018
3023960019
3023960020
3023960021
3023960024
3023960025
3023960026
3023960027
3023960132
3023967501
3023980001
3023980003
3023980004
3023980005
3023980006
3023980007
3023980008
3023980009
3023980010
3023980011
3023980012
3023980015
3023980018
3023980019
3023980021
3023980022
3023980023
3023980024
3023980025
3023980026
3023980028
3023987501
3023987502
3023990001
3023990008
3023990016
3023990019
3023990021
3023990022
3023990023
3023990024
3024000001
3024000002
3024000004
3024000007
3024000008
3024000009
3024000011
3024000012
3024000013
3024000014
3024000019
3024000021
3024007501
3024030001
3024030015
3024030031
3024030033
3024030037
3024030041
3024037501
3024040001
3024040005
3024040007
3024040008
3024040009
3024040010
3024040011
3024040012
3024040013
3024040014
3024040016
3024040018
3024040019
3024040020
3024040021
3024040024
3024040025
3024040026
3024040027
3024040028
3024040029
3024040030
3024040031
3024040033
3024040034
3024040035
3024040036
3024040038
3024040039
3024040040
3024040041
3024040042
3024040044
3024040045
3024040123
3024047501
3024047502
3024050001
3024050004
3024050005
3024050006
3024050007
3024050008
3024050009
3024050010
3024050011
3024050012
3024050014
3024050016
3024050017
3024050018
3024050019
3024050020
3024050021
3024050023
3024050024
3024050026
3024050027
3024050032
3024050033
3024050034
3024050035
3024050036
3024050037
3024050038
3024050039
3024050042
3024050043
3024050044
3024050045
3024050046
3024057501
3024057502
3024057503
3024060001
3024060003
3024060004
3024060005
3024060006
3024060014
3024060016
3024060022
3024060023
3024060024
3024060025
3024060026
3024060030
3024060031
3024060032
3024060033
3024060034
3024060035
3024060037
3024060038
3024060040
3024060041
3024060042
3024067501
3024067502
3024067503
3024070001
3024070003
3024070004
3024070012
3024070014
3024070015
3024070017
3024070019
3024070026
3024070030
3024070032
3024070034
3024070037
3024070040
3024070041
3024070042
3024070043
3024070141
3024077501
3024077502
3024077503
3024080001
3024080003
3024080007
3024080012
3024080014
3024080023
3024080024
3024080025
3024080028
3024080030
3024080032
3024080037
3024080038
3024080040
3024080041
3024080043
3024087501
3024087502
3024087503
3024087504
3024090001
3024090003
3024090004
3024090006
3024090008
3024090009
3024090011
3024090013
3024090014
3024090015
3024090016
3024090020
3024090021
3024090022
3024090023
3024090024
3024090026
3024090027
3024090029
3024090032
3024090033
3024090034
3024090035
3024090117
3024090125
3024100013
3024110001
3024110017
3024110027
3024120002
3024120004
3024120007
3024120011
3024120012
3024120013
3024120016
3024120018
3024120019
3024120025
3024120027
3024120030
3024120033
3024120035
3024120036
3024120037
3024120124
3024120125
3024127501
3024130001
3024130002
3024130004
3024130015
3024130016
3024130020
3024130022
3024130026
3024130028
3024130029
3024130031
3024130105
3024130106
3024130107
3024130108
3024130109
3024130110
3024130111
3024130112
3024130113
3024137501
3024137502
3024140001
3024140003
3024140026
3024147501
3024147502
3024147503
3024150001
3024150006
3024150010
3024150016
3024150019
3024150024
3024150026
3024150038
3024150119
3024150136
3024157501
3024157502
3024157503
3024160001
3024160006
3024160007
3024160008
3024160009
3024160010
3024160015
3024160016
3024160018
3024160019
3024160020
3024160021
3024160022
3024160027
3024160031
3024160033
3024160034
3024160036
3024160037
3024160038
3024160039
3024160040
3024160041
3024160042
3024160043
3024160109
3024160151
3024170003
3024170004
3024170006
3024170007
3024170008
3024170009
3024170012
3024170015
3024170016
3024170018
3024170019
3024170021
3024170023
3024170024
3024170025
3024170026
3024170027
3024170028
3024170034
3024170036
3024170037
3024170038
3024170039
3024170041
3024170042
3024170043
3024170044
3024177501
3024177502
3024177503
3024177504
3024177505
3024177506
3024180001
3024180002
3024180003
3024180005
3024180007
3024180009
3024180011
3024180013
3024180014
3024180015
3024180016
3024180017
3024180018
3024180021
3024180022
3024180023
3024180024
3024180025
3024180026
3024180027
3024180028
3024180029
3024180031
3024180040
3024180045
3024190001
3024190006
3024190007
3024190009
3024190012
3024190015
3024190019
3024190022
3024190023
3024190025
3024190026
3024190029
3024190030
3024197501
3024200002
3024200003
3024200004
3024200005
3024200008
3024200009
3024200011
3024200012
3024200013
3024200014
3024200015
3024200018
3024200019
3024200022
3024200028
3024200030
3024200031
3024200032
3024200034
3024200035
3024200037
3024200040
3024200041
3024200043
3024207501
3024207502
3024207503
3024207504
3024207505
3024210003
3024210004
3024210005
3024210006
3024210007
3024210008
3024210010
3024210011
3024210012
3024210014
3024210016
3024210018
3024210021
3024210022
3024210023
3024210024
3024210029
3024210030
3024210031
3024210032
3024210033
3024210035
3024210037
3024210038
3024210040
3024217501
3024217502
3024220025
3024230001
3024240001
3024240003
3024240006
3024240009
3024240012
3024240014
3024240016
3024240018
3024240021
3024240031
3024240032
3024240035
3024240123
3024240124
3024240125
3024240126
3024240127
3024240128
3024240129
3024247501
3024250001
3024250002
3024250003
3024250004
3024250005
3024250006
3024250007
3024250008
3024250010
3024250011
3024250012
3024250013
3024250014
3024250017
3024250020
3024250023
3024250026
3024250029
3024250032
3024250036
3024250038
3024250039
3024250040
3024250043
3024250044
3024250045
3024260001
3024280025
3024280026
3024280027
3024280028
3024280029
3024280030
3024280033
3024280034
3024280035
3024287501
3024287502
3024290001
3024290005
3024290007
3024290010
3024290022
3024290023
3024290030
3024290035
3024290036
3024290101
3024290103
3024290105
3024290112
3024290113
3024290114
3024290115
3024290116
3024290117
3024290118
3024290119
3024290124
3024290125
3024290126
3024290127
3024290128
3024290129
3024290131
3024290132
3024290133
3024290134
3024297501
3024297502
3024300001
3024300002
3024300009
3024300016
3024300019
3024300021
3024300022
3024300026
3024300027
3024300029
3024300031
3024300032
3024300033
3024300034
3024300035
3024300036
3024300037
3024300039
3024300040
3024300041
3024300042
3024300043
3024307501
3024307502
3024310001
3024310003
3024310005
3024310008
3024310010
3024310011
3024310012
3024310013
3024310014
3024310015
3024310017
3024310019
3024310020
3024310021
3024310022
3024310025
3024310029
3024310031
3024310035
3024310036
3024310038
3024310040
3024310041
3024317501
3024320002
3024320003
3024320004
3024320005
3024320009
3024320012
3024320015
3024320019
3024320022
3024320025
3024320027
3024320030
3024320035
3024320039
3024320040
3024320042
3024320107
3024330001
3024330010
3024330011
3024330012
3024330015
3024330018
3024330020
3024330021
3024330022
3024330024
3024330025
3024330027
3024330028
3024330029
3024330030
3024330031
3024330032
3024330033
3024330034
3024330035
3024330036
3024330037
3024330038
3024330039
3024330040
3024330041
3024330042
3024337501
3024337502
3024340003
3024340006
3024340008
3024340009
3024340010
3024340012
3024340024
3024340028
3024340109
3024350001
3024350011
3024360001
3024360004
3024360006
3024360008
3024360010
3024360012
3024360013
3024360016
3024360017
3024360018
3024360019
3024360020
3024360022
3024360025
3024360026
3024360027
3024360029
3024360030
3024360031
3024360032
3024360033
3024360120
3024367501
3024370001
3024370002
3024370003
3024370007
3024370009
3024370011
3024370014
3024370015
3024370017
3024370018
3024370019
3024370020
3024370021
3024370025
3024370026
3024370027
3024370028
3024370029
3024370035
3024370036
3024370037
3024370038
3024370039
3024370040
3024370041
3024370130
3024370131
3024370132
3024370133
3024370134
3024370135
3024377501
3024380002
3024380003
3024380004
3024380005
3024380007
3024380008
3024380009
3024380010
3024380011
3024380012
3024380013
3024380014
3024380015
3024380020
3024380025
3024380026
3024380027
3024380028
3024380029
3024380030
3024380036
3024380038
3024380040
3024380116
3024380117
3024380118
3024380119
3024380120
3024380132
3024380133
3024380134
3024380135
3024380136
3024387501
3024390001
3024390003
3024390006
3024390009
3024390010
3024390011
3024390012
3024390018
3024397501
3024410008
3024410012
3024410015
3024410021
3024410024
3024410029
3024410030
3024410031
3024410032
3024410033
3024410038
3024410041
3024410107
3024417501
3024420001
3024420007
3024420008
3024420009
3024420010
3024420011
3024420015
3024420016
3024420017
3024420018
3024420020
3024420021
3024420022
3024420023
3024420024
3024420121
3024427501
3024430001
3024430004
3024430005
3024430008
3024430009
3024430010
3024430011
3024430012
3024430013
3024430023
3024430026
3024430028
3024430029
3024430030
3024430034
3024437501
3024440001
3024440004
3024440009
3024440011
3024440018
3024440019
3024440020
3024440021
3024440022
3024440024
3024440025
3024440026
3024440027
3024440028
3024440032
3024440127
3024447501
3024460051
3024460056
3024460057
3024460058
3024460059
3024460060
3024460061
3024460062
3024460063
3024460068
3024460071
3024460072
3024460073
3024460074
3024460075
3024460076
3024460077
3024460091
3024460093
3024467501
3024467502
3024470001
3024470003
3024470008
3024470010
3024470024
3024470025
3024470026
3024477501
3024480001
3024480013
3024490001
3024490006
3024490007
3024490008
3024490009
3024490010
3024490011
3024490012
3024490013
3024490014
3024490015
3024490016
3024490021
3024490022
3024490023
3024490024
3024490025
3024490027
3024490028
3024490029
3024490031
3024490032
3024497501
3024497502
3024497503
3024497504
3024500001
3024500005
3024500006
3024500012
3024500014
3024500015
3024500017
3024500022
3024500028
3024500029
3024500031
3024500101
3024500102
3024500103
3024500118
3024500119
3024500120
3024500121
3024500133
3024500134
3024500135
3024500136
3024500137
3024500138
3024500139
3024500140
3024510004
3024510005
3024510007
3024510008
3024510011
3024510012
3024510016
3024510017
3024510018
3024510019
3024510020
3024510030
3024510033
3024510034
3024510112
3024510113
3024510114
3024510121
3024510122
3024510123
3024510124
3024510125
3024510126
3024510127
3024510128
3024510129
3024510130
3024517501
3024517502
3024520001
3024520003
3024520004
3024520005
3024520006
3024520007
3024520008
3024520010
3024520011
3024520012
3024520019
3024520024
3024520029
3024520030
3024520031
3024520032
3024520033
3024520034
3024520036
3024520038
3024520040
3024520041
3024530001
3024540001
3024550001
3024550022
3024550026
3024550027
3024550030
3024550034
3024557501
3024557502
3024557503
3024560001
3024560002
3024560028
3024560032
3024560033
3024560034
3024560038
3024560039
3024560040
3024560041
3024560042
3024560046
3024560047
3024567501
3024567502
3024570001
3024570028
3024570034
3024570039
3024570041
3024570042
3024570043
3024570044
3024570045
3024577501
3024579039
3024600001
3024600003
3024600006
3024600007
3024600008
3024600011
3024600012
3024600014
3024600022
3024600023
3024600024
3024600025
3024600027
3024600029
3024600036
3024600037
3024600127
3024607501
3024610001
3024610002
3024610013
3024610019
3024610020
3024610029
3024610030
3024620002
3024620010
3024620011
3024620012
3024620020
3024620021
3024620022
3024620023
3024620024
3024620025
3024620027
3024620113
3024620114
3024620115
3024620116
3024620117
3024627501
3024627502
3024630001
3024630002
3024630003
3024630004
3024630005
3024630012
3024630015
3024630018
3024630021
3024630024
3024630027
3024630028
3024630030
3024630035
3024630036
3024630037
3024630038
3024630039
3024630040
3024630106
3024630107
3024630108
3024630109
3024630119
3024630120
3024640001
3024640002
3024640004
3024640014
3024640018
3024640022
3024640024
3024640026
3024640028
3024640029
3024640030
3024640032
3024640033
3024640034
3024640105
3024640106
3024640107
3024640108
3024640109
3024640110
3024640111
3024640112
3024640113
3024640114
3024650002
3024650006
3024650011
3024650014
3024650016
3024650044
3024650050
3024650051
3024650052
3024650100
3024650105
3024657501
3024657502
3024660001
3024670001
3024680018
3024680026
3024680027
3024680028
3024687501
3024690001
3024690006
3024690013
3024690014
3024690015
3024690022
3024690027
3024690028
3024690029
3024690030
3024697501
3024697502
3024697503
3024700004
3024700007
3024700012
3024700014
3024700017
3024700018
3024700019
3024700020
3024707501
3024707502
3024710003
3024710004
3024710005
3024710006
3024710008
3024710009
3024710010
3024710011
3024710012
3024710013
3024710022
3024710023
3024710024
3024717501
3024720002
3024720003
3024720004
3024720006
3024720010
3024720020
3024720021
3024720023
3024720025
3024720035
3024720045
3024720050
3024720055
3024720075
3024720080
3024720090
3024720200
3024720210
3024720350
3024720400
3024720415
3024720425
3024720475
3024727501
3024727502
3024727503
3024727504
3024727505
3024770001
3024770002
3024770040
3024770052
3024770060
3024780001
3024780006
3024780008
3024780012
3024780013
3024780014
3024780015
3024790001
3024790004
3024790006
3024790007
3024790008
3024790010
3024790011
3024790012
3024790018
3024790023
3024790028
3024790055
3024820001
3024820009
3024820018
3024820021
3024820026
3024820039
3024820040
3024827501
3024830001
3024830002
3024830003
3024830004
3024830005
3024830006
3024830007
3024830009
3024830014
3024830015
3024830017
3024830019
3024830021
3024830022
3024830023
3024830024
3024830025
3024830044
3024830045
3024830048
3024830050
3024830051
3024830052
3024830053
3024830055
3024830059
3024830060
3024830062
3024837501
3024837502
3024837503
3024837504
3024837505
3024840001
3024860001
3024870017
3024870018
3024870023
3024870025
3024870026
3024870027
3024870028
3024870029
3024870030
3024870031
3024870032
3024870033
3024870041
3024870042
3024870043
3024870044
3024870045
3024870046
3024870047
3024870048
3024870049
3024870050
3024870051
3024870052
3024870053
3024870055
3024870056
3024870147
3024877501
3024880001
3024880003
3024880004
3024880005
3024880006
3024880007
3024880008
3024880010
3024880011
3024880012
3024880015
3024880016
3024880018
3024880019
3024880020
3024880021
3024880022
3024880023
3024880024
3024880027
3024880040
3024880041
3024880043
3024880044
3024880045
3024880046
3024880047
3024880049
3024880050
3024880051
3024880052
3024880053
3024880055
3024880056
3024880057
3024887501
3024887502
3024887503
3024887504
3024887505
3024890001
3024890004
3024890007
3024890014
3024890016
3024890019
3024890025
3024890045
3024910001
3024910051
3024910136
3024910150
3024940003
3024940005
3024940006
3024940020
3024940026
3024947501
3024950001
3024950002
3024950003
3024950005
3024950006
3024950007
3024950008
3024950011
3024950013
3024950014
3024950015
3024950016
3024950023
3024950028
3024950029
3024950030
3024950037
3024950038
3024950039
3024950040
3024950042
3024950044
3024950045
3024950046
3024950047
3024950048
3024950049
3024950051
3024950052
3024950053
3024950057
3024950058
3024950059
3024950060
3024950066
3024950068
3024950069
3024950072
3024950073
3024950074
3024950079
3024950167
3024950169
3024950170
3024957501
3024957502
3024957503
3024957504
3024960001
3024960002
3024960003
3024960004
3024960006
3024960007
3024960008
3024960009
3024960010
3024960011
3024960012
3024960013
3024960014
3024960017
3024960020
3024960021
3024960022
3024960023
3024960024
3024960025
3024960026
3024960027
3024960041
3024960042
3024960043
3024960044
3024960045
3024960046
3024960047
3024960048
3024960055
3024960056
3024960057
3024960058
3024960060
3024967501
3024967502
3024967503
3024970001
3024970002
3024970003
3024970004
3024970005
3024970006
3024970007
3024970010
3024970014
3024970019
3024970020
3024970023
3024970042
3024970044
3024970045
3024970046
3024970048
3024970050
3024970051
3024970052
3025020001
3025020002
3025020005
3025020007
3025030001
3025030021
3025030022
3025030023
3025030024
3025030027
3025030028
3025030029
3025030030
3025030031
3025030032
3025037501
3025040001
3025040002
3025040003
3025040005
3025040006
3025040007
3025040008
3025040009
3025040011
3025040012
3025040014
3025040015
3025040016
3025040017
3025040018
3025040019
3025040020
3025040021
3025040022
3025040023
3025040025
3025040026
3025040027
3025040028
3025040029
3025040030
3025040031
3025040032
3025040033
3025040034
3025040035
3025040036
3025040038
3025040041
3025040042
3025040043
3025040044
3025040045
3025040047
3025040050
3025040051
3025040052
3025040053
3025040054
3025040055
3025040056
3025040057
3025040059
3025040060
3025040062
3025040063
3025040064
3025040065
3025040066
3025040067
3025040068
3025040070
3025040071
3025040072
3025040073
3025040074
3025047501
3025047502
3025047503
3025047504
3025050001
3025050002
3025050005
3025050011
3025050012
3025050013
3025050014
3025050015
3025050016
3025050017
3025050018
3025050019
3025050020
3025050021
3025050022
3025050023
3025050025
3025050027
3025050028
3025050043
3025050044
3025050045
3025050047
3025050048
3025050049
3025050050
3025050053
3025050054
3025050055
3025050056
3025050057
3025050058
3025050059
3025057501
3025060001
3025060002
3025060004
3025060005
3025060006
3025060007
3025060008
3025060009
3025060010
3025060011
3025060012
3025060013
3025060014
3025060015
3025060017
3025060019
3025060023
3025060027
3025060030
3025060036
3025060039
3025060041
3025060044
3025060049
3025060050
3025060051
3025060052
3025080001
3025100001
3025100100
3025110011
3025110012
3025110014
3025110015
3025110016
3025110018
3025110019
3025110020
3025110021
3025110022
3025110023
3025110024
3025110025
3025110026
3025110029
3025110030
3025110031
3025110033
3025110034
3025117501
3025117502
3025117503
3025120001
3025120010
3025120035
3025120036
3025120037
3025120038
3025120039
3025120040
3025120041
3025120043
3025120044
3025120045
3025120046
3025120047
3025120048
3025120049
3025120050
3025120051
3025120056
3025120057
3025120058
3025120060
3025120068
3025120070
3025120072
3025127501
3025127502
3025127503
3025127504
3025127505
3025127506
3025130001
3025130002
3025130006
3025130010
3025130011
3025130012
3025130013
3025130014
3025130015
3025130017
3025130018
3025130021
3025130023
3025130024
3025130025
3025130026
3025130027
3025130028
3025130029
3025130039
3025130040
3025130041
3025130042
3025130043
3025130044
3025130045
3025130046
3025130047
3025130048
3025130049
3025130050
3025130051
3025130052
3025130053
3025130054
3025130055
3025130056
3025130057
3025137501
3025137502
3025140001
3025140002
3025140003
3025140004
3025140005
3025140006
3025140007
3025140008
3025140010
3025140012
3025140015
3025140019
3025140020
3025140024
3025140027
3025140030
3025140033
3025140040
3025140043
3025140044
3025140045
3025140047
3025140052
3025170002
3025170012
3025170014
3025170027
3025170035
3025170150
3025200057
3025207501
3025210008
3025210009
3025210010
3025210011
3025210012
3025210014
3025210015
3025210016
3025210017
3025210018
3025210019
3025210024
3025210025
3025210026
3025210027
3025210028
3025210029
3025210030
3025210031
3025210032
3025210034
3025210035
3025210036
3025210037
3025210038
3025217501
3025217502
3025217503
3025217504
3025217505
3025220001
3025220002
3025220003
3025220006
3025220007
3025220008
3025220010
3025220012
3025220016
3025220031
3025220040
3025220042
3025220043
3025220044
3025220045
3025220046
3025220047
3025220048
3025220049
3025220051
3025220063
3025220064
3025220067
3025220068
3025220069
3025220070
3025220071
3025220072
3025220073
3025220074
3025220075
3025220076
3025220077
3025220078
3025220079
3025227501
3025227502
3025230002
3025230003
3025230004
3025230005
3025230006
3025230007
3025230008
3025230010
3025230011
3025230012
3025230013
3025230014
3025230015
3025230016
3025230019
3025230020
3025230021
3025230022
3025230023
3025230025
3025230026
3025230027
3025230028
3025230031
3025230040
3025230041
3025230042
3025230048
3025230050
3025230051
3025230052
3025230053
3025230054
3025230055
3025230056
3025230057
3025237501
3025237502
3025237503
3025237504
3025237505
3025237506
3025240001
3025240004
3025240007
3025240008
3025240010
3025240012
3025240014
3025240016
3025240017
3025240024
3025240032
3025240039
3025240042
3025240046
3025240054
3025240056
3025250001
3025270002
3025300008
3025307501
3025307502
3025310001
3025310004
3025310006
3025310007
3025310008
3025310009
3025310010
3025310012
3025310014
3025310017
3025310018
3025310020
3025310023
3025310024
3025310025
3025310026
3025310027
3025310029
3025310031
3025310032
3025310033
3025310034
3025310035
3025310037
3025310038
3025310110
3025317501
3025317502
3025317503
3025320001
3025320005
3025320006
3025320007
3025320008
3025320010
3025320013
3025320014
3025320015
3025320016
3025320017
3025320018
3025320019
3025320020
3025320021
3025320022
3025320024
3025320026
3025320027
3025320028
3025320029
3025320030
3025320031
3025320034
3025320036
3025320038
3025320039
3025320040
3025320042
3025320043
3025320044
3025320045
3025320047
3025320049
3025320050
3025320051
3025320052
3025320053
3025320054
3025320055
3025320056
3025320057
3025320058
3025320059
3025320060
3025320061
3025320062
3025320063
3025320064
3025320065
3025320066
3025320068
3025320069
3025320070
3025320071
3025320072
3025320073
3025320075
3025320076
3025320077
3025320078
3025320152
3025327501
3025327502
3025327503
3025327504
3025330001
3025330003
3025330004
3025330005
3025330006
3025330010
3025330011
3025330012
3025330013
3025330018
3025330019
3025330021
3025330022
3025330023
3025330024
3025330025
3025330026
3025330027
3025330028
3025330029
3025330030
3025330031
3025330033
3025330043
3025330044
3025330045
3025330046
3025330047
3025330048
3025330049
3025330050
3025330051
3025330052
3025330053
3025330054
3025330055
3025330056
3025330057
3025330058
3025330059
3025330060
3025330065
3025330067
3025330068
3025337501
3025337502
3025337503
3025337504
3025340001
3025340004
3025340006
3025340007
3025340008
3025340010
3025340011
3025340012
3025340013
3025340016
3025340020
3025340022
3025340027
3025340039
3025340040
3025340042
3025340043
3025340044
3025340045
3025340046
3025340047
3025340049
3025340050
3025340051
3025340052
3025380001
3025390001
3025390008
3025390009
3025390010
3025390011
3025390012
3025390013
3025390015
3025390016
3025390017
3025390018
3025390019
3025390020
3025390021
3025390022
3025390023
3025390025
3025390026
3025390029
3025390030
3025390031
3025390033
3025390034
3025390035
3025390037
3025397501
3025397502
3025397503
3025400001
3025400011
3025400012
3025400013
3025400014
3025400015
3025400016
3025400017
3025400018
3025400019
3025400020
3025400021
3025400022
3025400023
3025400025
3025400026
3025400028
3025400032
3025400033
3025400034
3025400035
3025400036
3025400037
3025400038
3025400039
3025400040
3025400041
3025400045
3025400046
3025400048
3025400050
3025400051
3025400053
3025400054
3025400055
3025400056
3025400057
3025400058
3025400059
3025400060
3025400061
3025400062
3025400063
3025400064
3025400065
3025400066
3025400067
3025400068
3025400069
3025400070
3025400071
3025400072
3025400073
3025400074
3025400075
3025400076
3025400077
3025400138
3025407501
3025407502
3025407503
3025407504
3025407505
3025410001
3025410002
3025410003
3025410004
3025410005
3025410007
3025410008
3025410010
3025410012
3025410014
3025410017
3025410018
3025410019
3025410020
3025410021
3025410023
3025410024
3025410025
3025410026
3025410027
3025410030
3025410033
3025410036
3025410039
3025410040
3025410041
3025410042
3025410043
3025410044
3025410045
3025410046
3025410047
3025410048
3025410050
3025410051
3025410052
3025410054
3025410055
3025410056
3025410057
3025417501
3025417502
3025417503
3025417504
3025417505
3025417506
3025417507
3025417508
3025420001
3025420002
3025420003
3025420004
3025420005
3025420006
3025420007
3025420011
3025420013
3025420015
3025420016
3025420017
3025420018
3025420022
3025420028
3025420037
3025420043
3025420046
3025420049
3025420050
3025420051
3025420052
3025420104
3025430001
3025430050
3025430075
3025490014
3025490018
3025490019
3025490020
3025490021
3025490022
3025490023
3025490025
3025490028
3025490036
3025490136
3025497501
3025500001
3025500002
3025500003
3025500004
3025500005
3025500006
3025500007
3025500008
3025500009
3025500010
3025500011
3025500012
3025500013
3025500014
3025500015
3025500017
3025500018
3025500019
3025500020
3025500021
3025500024
3025500025
3025500026
3025500027
3025500028
3025500029
3025500030
3025500031
3025500032
3025500033
3025500034
3025500035
3025500036
3025500037
3025500039
3025500040
3025500041
3025500042
3025500043
3025500044
3025500045
3025500046
3025500047
3025500049
3025500054
3025500055
3025500056
3025500057
3025500058
3025500059
3025500060
3025500061
3025500062
3025500065
3025500066
3025500067
3025500068
3025500069
3025500070
3025500071
3025500072
3025500073
3025500074
3025500075
3025500076
3025500077
3025500078
3025500085
3025507501
3025507502
3025510001
3025510002
3025510003
3025510004
3025510005
3025510006
3025510007
3025510008
3025510010
3025510011
3025510014
3025510017
3025510018
3025510019
3025510020
3025510021
3025510022
3025510023
3025510024
3025510025
3025510026
3025510027
3025510028
3025510030
3025510037
3025510038
3025510039
3025510040
3025510041
3025510042
3025510043
3025510044
3025510045
3025510046
3025510047
3025510048
3025510049
3025510050
3025510051
3025510052
3025510057
3025510058
3025517501
3025520001
3025520003
3025520005
3025520010
3025520013
3025520014
3025520015
3025520016
3025520017
3025520018
3025520019
3025520022
3025520024
3025520027
3025520037
3025520038
3025520039
3025520040
3025520042
3025520043
3025520047
3025560001
3025560041
3025560045
3025560048
3025560049
3025560050
3025560051
3025560052
3025560053
3025560054
3025560058
3025570001
3025570003
3025570007
3025570013
3025570016
3025570024
3025580001
3025580002
3025580003
3025580004
3025580005
3025580006
3025580007
3025580008
3025580010
3025580011
3025580012
3025580013
3025580014
3025580015
3025580016
3025580017
3025580018
3025580019
3025580020
3025580021
3025580022
3025580023
3025580024
3025580025
3025580026
3025580027
3025580028
3025580029
3025580030
3025580031
3025580032
3025580033
3025580034
3025580035
3025580036
3025580037
3025580038
3025580039
3025580040
3025580041
3025580042
3025580046
3025580047
3025580048
3025580049
3025580050
3025580051
3025580054
3025580055
3025580058
3025580059
3025580060
3025580061
3025580062
3025580064
3025580066
3025580068
3025580069
3025580070
3025580071
3025580072
3025580073
3025580074
3025580075
3025580076
3025580077
3025580078
3025580079
3025580080
3025590001
3025590004
3025590005
3025590006
3025590007
3025590008
3025590009
3025590010
3025590011
3025590012
3025590013
3025590014
3025590015
3025590016
3025590017
3025590018
3025590019
3025590020
3025590021
3025590022
3025590023
3025590025
3025590026
3025590027
3025590029
3025590030
3025590031
3025590036
3025590038
3025590040
3025590041
3025590042
3025590043
3025590044
3025590047
3025590048
3025590049
3025590050
3025590051
3025590052
3025590053
3025590054
3025590055
3025590056
3025590057
3025590058
3025597501
3025597502
3025597503
3025597504
3025597505
3025597506
3025600001
3025600011
3025600025
3025600032
3025600038
3025600041
3025600046
3025600049
3025600050
3025620010
3025620012
3025620013
3025620015
3025620017
3025620018
3025620019
3025620020
3025620022
3025620023
3025620024
3025620025
3025620026
3025620027
3025620029
3025620037
3025620039
3025627501
3025630001
3025630002
3025630003
3025630004
3025630005
3025630006
3025630007
3025630008
3025630009
3025630010
3025630011
3025630012
3025630013
3025630014
3025630015
3025630016
3025630017
3025630019
3025630023
3025630025
3025630026
3025630028
3025630029
3025630032
3025630033
3025630034
3025630037
3025630041
3025630043
3025630044
3025630045
3025630048
3025630051
3025630053
3025630054
3025630055
3025630060
3025630061
3025630062
3025630063
3025630064
3025630065
3025630066
3025630067
3025630068
3025630069
3025630070
3025630071
3025630072
3025630073
3025630074
3025630075
3025630076
3025630077
3025630078
3025630079
3025630081
3025630082
3025630084
3025630085
3025630086
3025630087
3025630088
3025630089
3025630090
3025630133
3025637501
3025637502
3025640001
3025650001
3025650014
3025650060
3025660001
3025660002
3025660003
3025660004
3025660005
3025660006
3025660007
3025660008
3025660009
3025660010
3025660011
3025660012
3025660013
3025660014
3025660015
3025660016
3025660017
3025660018
3025660019
3025660020
3025660021
3025660022
3025660023
3025660024
3025660025
3025660026
3025660027
3025660028
3025660029
3025660031
3025660032
3025660034
3025660035
3025660036
3025660037
3025660038
3025660039
3025660041
3025660046
3025660047
3025660048
3025660049
3025660052
3025660055
3025660057
3025660058
3025660059
3025660060
3025660061
3025660062
3025660063
3025660064
3025660065
3025660066
3025660067
3025660068
3025660069
3025660070
3025660071
3025660072
3025660073
3025660074
3025660075
3025660076
3025660077
3025660078
3025660079
3025660080
3025660081
3025660082
3025660083
3025667501
3025670001
3025680001
3025690001
3025690002
3025690003
3025690004
3025690005
3025690006
3025690007
3025690008
3025690009
3025690010
3025690011
3025690012
3025690013
3025690014
3025690015
3025690016
3025690017
3025690018
3025690019
3025690020
3025690021
3025690022
3025690023
3025690024
3025690025
3025690026
3025690027
3025690028
3025690029
3025690030
3025690031
3025690032
3025690034
3025690035
3025690041
3025690042
3025690043
3025690044
3025690045
3025690046
3025690047
3025690048
3025690049
3025690050
3025690051
3025690052
3025690053
3025690054
3025690055
3025690056
3025690057
3025690058
3025690062
3025690063
3025690064
3025690065
3025690066
3025690067
3025690068
3025690069
3025690070
3025690071
3025690072
3025690073
3025690074
3025690075
3025690076
3025690077
3025690078
3025690079
3025690080
3025690081
3025700001
3025700005
3025700010
3025700020
3025700030
3025700036
3025700040
3025700045
3025700050
3025710001
3025710009
3025710010
3025710011
3025710012
3025710013
3025710014
3025710015
3025710016
3025710020
3025710021
3025710022
3025710023
3025710024
3025710025
3025710026
3025710027
3025710028
3025710029
3025710030
3025710031
3025710032
3025710033
3025710034
3025710035
3025710036
3025717501
3025720001
3025720003
3025720004
3025720005
3025720006
3025720007
3025720008
3025720009
3025720010
3025720011
3025720012
3025720013
3025720014
3025720015
3025720016
3025720017
3025720018
3025720019
3025720020
3025720021
3025720022
3025720023
3025720024
3025720026
3025720027
3025720028
3025720029
3025720030
3025720031
3025720032
3025720033
3025720034
3025720035
3025720036
3025720037
3025720038
3025720039
3025720040
3025720041
3025720042
3025720043
3025720044
3025720046
3025720047
3025720048
3025720049
3025720050
3025720051
3025720052
3025720053
3025720054
3025730001
3025730002
3025730003
3025730004
3025730005
3025730006
3025730007
3025730008
3025730009
3025730010
3025730011
3025730012
3025730013
3025730014
3025730015
3025730016
3025730017
3025730019
3025730110
3025737501
3025740001
3025740005
3025740006
3025740007
3025740026
3025740027
3025740028
3025740030
3025740031
3025740032
3025740033
3025740034
3025740035
3025740036
3025740037
3025740038
3025740039
3025740041
3025740042
3025740043
3025740045
3025740046
3025740047
3025740048
3025740049
3025740050
3025740051
3025740052
3025740053
3025740057
3025740058
3025740059
3025740060
3025740061
3025740062
3025750001
3025750002
3025750003
3025750004
3025750005
3025750006
3025750007
3025750008
3025750009
3025750010
3025750011
3025750012
3025750013
3025750014
3025750015
3025750016
3025750017
3025750018
3025750019
3025750020
3025750021
3025750022
3025750023
3025750024
3025750025
3025750026
3025750027
3025750028
3025750029
3025750030
3025750031
3025750032
3025750033
3025750034
3025750035
3025750036
3025750037
3025750038
3025750039
3025750040
3025750041
3025750042
3025750043
3025750044
3025750045
3025750046
3025750047
3025750048
3025750049
3025750050
3025750051
3025750052
3025750053
3025750054
3025750055
3025750128
3025750145
3025757501
3025760001
3025760002
3025760003
3025760004
3025760005
3025760007
3025760024
3025760025
3025760026
3025760027
3025760028
3025760029
3025760030
3025760031
3025760032
3025760033
3025760034
3025760035
3025760036
3025760037
3025760038
3025760039
3025760040
3025760042
3025760046
3025760047
3025760048
3025760049
3025767501
3025770001
3025770024
3025780001
3025800001
3025810001
3025810010
3025810012
3025810019
3025810028
3025820001
3025820004
3025820101
3025820102
3025820103
3025820104
3025820105
3025830001
3025830012
3025830050
3025840001
3025840015
3025850001
3025890001
3025890005
3025890013
3025890014
3025890015
3025890016
3025890023
3025900001
3025900025
3025900100
3025900101
3025900210
3025900215
3025900222
3025920001
3025920003
3025920005
3025920006
3025920011
3025920014
3025920015
3025920016
3025920020
3025920026
3025920030
3025920037
3025920040
3025930001
3025930008
3025930015
3025930016
3025930018
3025930019
3025930021
3025930022
3025930024
3025930025
3025930026
3025930027
3025930028
3025930029
3025930030
3025930031
3025930032
3025930034
3025930035
3025930036
3025930037
3025940001
3025940006
3025940007
3025940008
3025940010
3025940011
3025940012
3025940013
3025940014
3025940016
3025940017
3025940018
3025940019
3025940020
3025940021
3025940022
3025940023
3025940024
3025940025
3025940026
3025940027
3025940028
3025940029
3025940030
3025940031
3025940032
3025940034
3025940035
3025940036
3025950001
3025950008
3025950009
3025950010
3025950011
3025950012
3025950013
3025950014
3025950015
3025950016
3025950017
3025950018
3025950019
3025950020
3025950022
3025950023
3025950024
3025960001
3025960005
3025960008
3025960009
3025960010
3025960021
3025960022
3025960023
3025960024
3025960028
3025960030
3025960031
3025967501
3025970001
3025970004
3025970005
3025970006
3025970007
3025970008
3025970009
3025970010
3025970011
3025970016
3025970017
3025970018
3025970019
3025970020
3025970021
3025970023
3025970024
3025970025
3025970026
3025970027
3025970028
3025970029
3025970030
3025970031
3025970032
3025970034
3025970130
3025971201
3025971204
3025977501
3025977502
3025980001
3025980002
3025980004
3025980005
3025980006
3025980007
3025980008
3025980009
3025980010
3025980011
3025980012
3025980013
3025980014
3025980015
3025980016
3025980018
3025980019
3025980021
3025980022
3025980023
3025980025
3025980026
3025980027
3025980028
3025980029
3025980030
3025980031
3025980032
3025987501
3025990001
3025990002
3025990003
3025990004
3025990005
3025990006
3025990007
3025990008
3025990009
3025990010
3025990011
3025990014
3025990015
3025990016
3025990017
3025990020
3025990021
3025990022
3025990025
3025990027
3025990028
3025990029
3025990030
3025990031
3025990032
3025997501
3025997502
3025997503
3025997504
3026000001
3026000012
3026000017
3026000018
3026000026
3026000027
3026000028
3026000029
3026000030
3026000031
3026010001
3026010012
3026010014
3026010018
3026010021
3026010022
3026010024
3026010028
3026010029
3026010030
3026010031
3026010032
3026010033
3026010034
3026010035
3026020001
3026020005
3026020008
3026020012
3026020016
3026020017
3026020021
3026020024
3026030001
3026040001
3026040008
3026050001
3026050013
3026050017
3026050028
3026050030
3026070001
3026070006
3026070050
3026070052
3026070054
3026070056
3026070059
3026070065
3026070067
3026070068
3026070073
3026070075
3026070078
3026070081
3026070084
3026070094
3026070095
3026070100
3026070105
3026080001
3026080025
3026080078
3026080085
3026080089
3026080092
3026080095
3026080099
3026120001
3026120020
3026120075
3026120125
3026120133
3026120136
3026120140
3026120143
3026120145
3026130001
3026130020
3026130028
3026130038
3026140003
3026140016
3026140019
3026140024
3026150001
3026150006
3026150019
3026150021
3026150025
3026150050
3026150125
3026160001
3026160006
3026160007
3026160008
3026160009
3026160012
3026160014
3026160017
3026160018
3026160031
3026160044
3026160045
3026160056
3026160060
3026170001
3026170006
3026170007
3026170012
3026170013
3026170015
3026170017
3026170018
3026170019
3026170020
3026170021
3026170022
3026170023
3026170026
3026170027
3026170029
3026170031
3026170032
3026170033
3026170034
3026170035
3026170036
3026170037
3026170038
3026170042
3026170050
3026170052
3026170057
3026180001
3026180002
3026180004
3026180005
3026180010
3026180012
3026180014
3026180015
3026180016
3026180017
3026180018
3026180019
3026180020
3026180021
3026180023
3026180024
3026180025
3026180026
3026180027
3026180028
3026180029
3026180030
3026180031
3026180032
3026180033
3026180035
3026180036
3026180037
3026180038
3026180039
3026180040
3026180042
3026180043
3026180044
3026180045
3026180046
3026180047
3026180048
3026180049
3026180050
3026180051
3026180052
3026180053
3026180054
3026180055
3026180056
3026180058
3026180059
3026180138
3026187501
3026187502
3026187503
3026187504
3026187505
3026187506
3026190001
3026190003
3026190007
3026190009
3026190010
3026190011
3026190012
3026190013
3026190014
3026190015
3026190016
3026190017
3026190018
3026190019
3026190021
3026190023
3026190024
3026190025
3026190026
3026190027
3026190028
3026190030
3026190031
3026190032
3026190034
3026190035
3026190036
3026190037
3026190038
3026190046
3026190047
3026190048
3026190049
3026190050
3026190051
3026190052
3026190053
3026190054
3026190055
3026190056
3026197501
3026200001
3026200003
3026200004
3026200007
3026200008
3026200009
3026200010
3026200011
3026200012
3026200013
3026200014
3026200015
3026200016
3026200017
3026200018
3026200019
3026200020
3026200021
3026200022
3026200023
3026200024
3026200025
3026200026
3026200027
3026200030
3026200031
3026200032
3026200033
3026200034
3026200035
3026200036
3026200037
3026200038
3026200039
3026200040
3026200042
3026200043
3026200044
3026200045
3026200046
3026200047
3026200048
3026200049
3026200051
3026200056
3026200057
3026207501
3026210001
3026210003
3026210004
3026210005
3026210006
3026210007
3026210008
3026210009
3026210011
3026210012
3026210013
3026210014
3026210015
3026210016
3026210017
3026210018
3026210020
3026210022
3026210023
3026210024
3026210025
3026210026
3026210027
3026210029
3026210030
3026210031
3026210032
3026210040
3026210041
3026210042
3026210043
3026210044
3026210046
3026210047
3026210048
3026210049
3026210050
3026210051
3026210052
3026210053
3026210054
3026210055
3026210056
3026210154
3026217501
3026217502
3026220001
3026220002
3026220003
3026220004
3026220005
3026220006
3026220007
3026220008
3026220009
3026220010
3026220011
3026220012
3026220013
3026220014
3026220016
3026220017
3026220018
3026220019
3026220020
3026220021
3026220022
3026220023
3026220024
3026220025
3026220028
3026220038
3026220039
3026220041
3026220044
3026220045
3026220046
3026220047
3026220048
3026220049
3026220051
3026220052
3026220116
3026227501
3026227502
3026227503
3026227504
3026227505
3026230003
3026230004
3026230005
3026230006
3026230007
3026230008
3026230010
3026230011
3026230012
3026230013
3026230015
3026230017
3026230018
3026230019
3026230020
3026230021
3026230022
3026230023
3026230024
3026230025
3026230027
3026230028
3026230029
3026230030
3026230031
3026230032
3026230034
3026230035
3026230037
3026230038
3026230040
3026230041
3026230043
3026230044
3026230046
3026237501
3026237502
3026240001
3026240002
3026240006
3026240007
3026240008
3026240009
3026240010
3026240011
3026240012
3026240013
3026240014
3026240015
3026240016
3026240017
3026240018
3026240019
3026240020
3026240021
3026240022
3026240024
3026240025
3026240027
3026240028
3026240029
3026240030
3026240031
3026240032
3026240034
3026240035
3026240036
3026240037
3026240038
3026240039
3026240040
3026240041
3026240042
3026240043
3026240044
3026240045
3026240046
3026240047
3026240048
3026240049
3026240050
3026240051
3026240052
3026240053
3026240054
3026240055
3026240056
3026240057
3026240058
3026240108
3026240110
3026240113
3026240116
3026240118
3026240121
3026247501
3026247502
3026247503
3026250001
3026250005
3026250007
3026250008
3026250009
3026250010
3026250011
3026250012
3026250013
3026250014
3026250015
3026250016
3026250017
3026250018
3026250019
3026250020
3026250021
3026250022
3026250023
3026250024
3026250025
3026250027
3026250028
3026250029
3026250030
3026250031
3026250032
3026250033
3026250034
3026250035
3026250036
3026250037
3026250038
3026250040
3026250042
3026250043
3026250044
3026250045
3026250046
3026250047
3026250048
3026250049
3026250050
3026250051
3026250052
3026250053
3026250054
3026250055
3026250056
3026250057
3026250058
3026250059
3026250060
3026250143
3026250146
3026250148
3026250150
3026250152
3026260001
3026260015
3026260019
3026260030
3026260032
3026260033
3026260034
3026260036
3026260037
3026260038
3026260039
3026260041
3026260042
3026260043
3026260044
3026260045
3026260046
3026260047
3026260048
3026260049
3026260050
3026260051
3026260052
3026260053
3026260141
3026260145
3026260148
3026260150
3026260153
3026270001
3026270022
3026270029
3026280001
3026280006
3026280010
3026280017
3026280021
3026280028
3026280030
3026280038
3026280043
3026280050
3026280054
3026280057
3026280059
3026280060
3026290001
3026290006
3026290011
3026290017
3026290024
3026290025
3026290035
3026290048
3026290053
3026290055
3026290058
3026297501
3026390005
3026390006
3026390007
3026390008
3026390009
3026390108
3026400001
3026410004
3026420001
3026420011
3026420018
3026420022
3026420024
3026420025
3026420027
3026420032
3026420052
3026420122
3026430001
3026430008
3026430012
3026430013
3026430014
3026430015
3026430016
3026430017
3026430019
3026430020
3026430021
3026430024
3026430025
3026430026
3026430027
3026430029
3026430045
3026430047
3026430048
3026430050
3026430052
3026430054
3026430056
3026440001
3026440002
3026440003
3026440004
3026440007
3026440008
3026440009
3026440010
3026440011
3026440013
3026440014
3026440015
3026440016
3026440017
3026440018
3026440019
3026440020
3026440021
3026440022
3026440023
3026440024
3026440025
3026440026
3026440027
3026440028
3026440029
3026440030
3026440031
3026440032
3026440033
3026440034
3026440035
3026440036
3026440037
3026440038
3026440039
3026440040
3026440041
3026440043
3026440045
3026440050
3026440055
3026440056
3026440057
3026440059
3026440060
3026440062
3026440063
3026440064
3026440065
3026447501
3026447502
3026447503
3026447504
3026450001
3026450002
3026450003
3026450004
3026450005
3026450006
3026450007
3026450008
3026450009
3026450010
3026450011
3026450012
3026450013
3026450014
3026450015
3026450017
3026450018
3026450019
3026450020
3026450021
3026450022
3026450023
3026450024
3026450025
3026450026
3026450028
3026450029
3026450032
3026450033
3026450034
3026450035
3026450036
3026450038
3026450039
3026450040
3026450041
3026450042
3026450043
3026450044
3026450045
3026450046
3026450047
3026450049
3026450050
3026450051
3026450052
3026450053
3026450054
3026450055
3026450056
3026450121
3026450122
3026460001
3026470001
3026470003
3026470004
3026470005
3026470006
3026470007
3026470008
3026470009
3026470010
3026470011
3026470012
3026470013
3026470014
3026470015
3026470016
3026470017
3026470018
3026470019
3026470020
3026470021
3026470022
3026470023
3026470024
3026470025
3026470026
3026470027
3026470028
3026470029
3026470030
3026470031
3026470033
3026470034
3026470035
3026470036
3026470037
3026470038
3026470039
3026470040
3026470041
3026470042
3026470044
3026470045
3026470046
3026470047
3026470048
3026470049
3026470050
3026470051
3026470052
3026470053
3026470056
3026480001
3026480002
3026480003
3026480004
3026480005
3026480006
3026480007
3026480008
3026480010
3026480011
3026480012
3026480013
3026480014
3026480015
3026480016
3026480017
3026480018
3026480019
3026480020
3026480021
3026480022
3026480023
3026480024
3026480025
3026480026
3026480027
3026480028
3026480030
3026480031
3026480032
3026480033
3026480034
3026480035
3026480037
3026480038
3026480039
3026480040
3026480041
3026480042
3026480043
3026480044
3026480045
3026480046
3026480048
3026480049
3026480050
3026480051
3026480052
3026480053
3026480054
3026480055
3026480056
3026480058
3026487501
3026490001
3026490002
3026490003
3026490004
3026490005
3026490006
3026490007
3026490008
3026490010
3026490011
3026490012
3026490013
3026490014
3026490015
3026490016
3026490017
3026490018
3026490019
3026490020
3026490022
3026490023
3026490024
3026490026
3026490027
3026490029
3026490030
3026490031
3026490032
3026490033
3026490034
3026490035
3026490036
3026490037
3026490039
3026490040
3026490041
3026490042
3026490043
3026490044
3026490045
3026490046
3026490047
3026490048
3026490049
3026490050
3026490051
3026490052
3026490053
3026490054
3026490055
3026490056
3026490057
3026490058
3026497501
3026500003
3026500004
3026500005
3026500006
3026500007
3026500008
3026500009
3026500010
3026500011
3026500012
3026500013
3026500014
3026500015
3026500016
3026500017
3026500018
3026500019
3026500020
3026500021
3026500022
3026500023
3026500024
3026500025
3026500026
3026500027
3026500028
3026500029
3026500030
3026500031
3026500033
3026500034
3026500035
3026510001
3026510002
3026510003
3026510005
3026510006
3026510008
3026510009
3026510011
3026510012
3026510013
3026510014
3026510015
3026510016
3026510017
3026510018
3026510019
3026510020
3026510021
3026510022
3026510025
3026510026
3026510027
3026510029
3026510030
3026510031
3026510032
3026510033
3026510034
3026510036
3026510037
3026510038
3026510039
3026510040
3026510041
3026510042
3026510043
3026510044
3026510045
3026510047
3026510048
3026510049
3026510051
3026510053
3026510054
3026510055
3026510056
3026510057
3026510058
3026510131
3026517501
3026517502
3026517503
3026520001
3026520002
3026520003
3026520004
3026520005
3026520006
3026520007
3026520008
3026520009
3026520010
3026520011
3026520012
3026520013
3026520014
3026520015
3026520016
3026520017
3026520018
3026520019
3026520020
3026520021
3026520022
3026520023
3026520024
3026520026
3026520027
3026520028
3026520029
3026520030
3026520031
3026520033
3026520034
3026520035
3026520036
3026520037
3026520038
3026520039
3026520040
3026520041
3026520042
3026520043
3026520044
3026520045
3026520046
3026520047
3026520048
3026520049
3026520050
3026520051
3026520052
3026520053
3026520054
3026520055
3026520056
3026520057
3026520058
3026530001
3026530004
3026530005
3026530006
3026530007
3026530008
3026530010
3026530011
3026530012
3026530014
3026530015
3026530016
3026530017
3026530018
3026530019
3026530020
3026530021
3026530022
3026530023
3026530024
3026530025
3026530026
3026530027
3026530028
3026530029
3026530030
3026530031
3026530032
3026530033
3026530035
3026530037
3026530039
3026530040
3026530041
3026530043
3026530045
3026530046
3026530047
3026530048
3026530049
3026530050
3026530051
3026530052
3026530053
3026530054
3026530055
3026530056
3026530057
3026530058
3026530059
3026530060
3026530061
3026530062
3026530105
3026530111
3026530153
3026540001
3026540004
3026540005
3026540006
3026540007
3026540008
3026540009
3026540010
3026540011
3026540012
3026540013
3026540014
3026540015
3026540016
3026540017
3026540018
3026540019
3026540020
3026540021
3026540022
3026540023
3026540024
3026540025
3026540026
3026540027
3026540028
3026540030
3026540031
3026540032
3026540033
3026540034
3026540035
3026540037
3026540038
3026540040
3026540041
3026540042
3026540043
3026540044
3026540045
3026540046
3026540047
3026540048
3026540049
3026540050
3026540051
3026540052
3026540053
3026540054
3026540055
3026540056
3026540057
3026540058
3026540059
3026540060
3026540061
3026540062
3026540063
3026540064
3026540065
3026540066
3026540067
3026540068
3026540069
3026540070
3026550001
3026550004
3026550005
3026550006
3026550007
3026550010
3026550012
3026550013
3026550014
3026550015
3026550016
3026550017
3026550018
3026550019
3026550020
3026550021
3026550022
3026550023
3026550024
3026550026
3026550027
3026550029
3026550030
3026550031
3026550033
3026550034
3026550035
3026550036
3026550037
3026550038
3026550039
3026550040
3026550042
3026550044
3026550045
3026550046
3026550047
3026550048
3026550049
3026550050
3026550051
3026550052
3026550053
3026550054
3026550055
3026550056
3026550057
3026550059
3026550060
3026550061
3026550062
3026550063
3026550064
3026557501
3026557502
3026557503
3026560001
3026560003
3026560004
3026560005
3026560006
3026560007
3026560008
3026560009
3026560010
3026560011
3026560012
3026560013
3026560014
3026560015
3026560016
3026560017
3026560018
3026560019
3026560020
3026560021
3026560022
3026560023
3026560024
3026560025
3026560026
3026560027
3026560028
3026560029
3026560030
3026560031
3026560033
3026560034
3026560035
3026560036
3026560037
3026560038
3026560039
3026560040
3026560041
3026560043
3026560044
3026560045
3026560046
3026560047
3026560048
3026560049
3026560050
3026560051
3026560052
3026560053
3026560054
3026560055
3026560056
3026560057
3026560058
3026560059
3026560060
3026560061
3026560062
3026560063
3026560064
3026560065
3026560066
3026560067
3026560068
3026560069
3026560070
3026560071
3026567501
3026570001
3026570009
3026570015
3026570017
3026570018
3026570019
3026570020
3026570021
3026570022
3026570023
3026570024
3026570025
3026570026
3026570027
3026570028
3026570029
3026570030
3026570031
3026570033
3026570034
3026570035
3026570036
3026570037
3026570038
3026570039
3026570040
3026570041
3026570042
3026570044
3026570045
3026570046
3026570047
3026570049
3026570050
3026570051
3026570052
3026570053
3026570054
3026570055
3026570056
3026570057
3026570058
3026570059
3026570060
3026570061
3026570062
3026570063
3026570064
3026570065
3026577501
3026577502
3026580001
3026580010
3026580021
3026580026
3026580033
3026580034
3026580035
3026580036
3026580037
3026580038
3026580039
3026580040
3026580041
3026580042
3026580043
3026580045
3026580046
3026580047
3026580048
3026580052
3026580060
3026590001
3026590012
3026590016
3026590026
3026590029
3026590032
3026590034
3026590035
3026590036
3026590037
3026590038
3026590039
3026590040
3026590041
3026590042
3026590044
3026590062
3026590134
3026590135
3026600001
3026600020
3026600030
3026600050
3026610001
3026610005
3026610015
3026610016
3026610027
3026610031
3026610034
3026610044
3026610046
3026610050
3026617501
3026620001
3026620003
3026620004
3026620006
3026620008
3026620010
3026620011
3026620014
3026620016
3026620018
3026620020
3026620022
3026620024
3026620026
3026620028
3026620030
3026620032
3026620034
3026620036
3026620038
3026620040
3026620050
3026620053
3026620054
3026630001
3026630007
3026630010
3026630014
3026630016
3026630017
3026630028
3026640001
3026640004
3026640007
3026640009
3026640016
3026640047
3026640051
3026640127
3026660001
3026660052
3026660101
3026660125
3026660201
3026700001
3026790002
3026790003
3026790004
3026790005
3026790006
3026790007
3026790009
3026790010
3026790011
3026790012
3026790013
3026790014
3026790017
3026790018
3026790019
3026790020
3026790021
3026790022
3026790023
3026790031
3026790032
3026790034
3026790042
3026790043
3026790046
3026790054
3026790055
3026790056
3026790057
3026790058
3026790059
3026790060
3026790061
3026797501
3026797502
3026797503
3026797504
3026800001
3026800004
3026800005
3026800006
3026800008
3026800009
3026800010
3026800011
3026800018
3026800019
3026800020
3026800021
3026800022
3026800023
3026800024
3026800026
3026800027
3026800028
3026800031
3026800032
3026800034
3026800035
3026800037
3026800038
3026800040
3026800041
3026800042
3026800043
3026800044
3026800045
3026800046
3026800047
3026800048
3026800049
3026800050
3026800051
3026800052
3026800053
3026800054
3026807501
3026807502
3026810001
3026810002
3026810003
3026810004
3026810005
3026810006
3026810007
3026810008
3026810009
3026810010
3026810011
3026810012
3026810013
3026810014
3026810015
3026810016
3026810017
3026810018
3026810019
3026810020
3026810021
3026810022
3026810023
3026810024
3026810025
3026810026
3026810027
3026810028
3026810029
3026810031
3026810032
3026810033
3026810034
3026810036
3026810038
3026810039
3026810041
3026810042
3026810044
3026810045
3026810046
3026810047
3026810048
3026810049
3026810050
3026810051
3026810052
3026810053
3026810054
3026810055
3026810056
3026810057
3026810058
3026810059
3026810061
3026810062
3026810063
3026810064
3026810102
3026810103
3026810104
3026817501
3026820001
3026820002
3026820003
3026820004
3026820005
3026820006
3026820007
3026820008
3026820009
3026820010
3026820013
3026820014
3026820015
3026820016
3026820017
3026820018
3026820019
3026820020
3026820021
3026820022
3026820023
3026820024
3026820025
3026820026
3026820027
3026820029
3026820031
3026820035
3026820036
3026820037
3026820038
3026820039
3026820042
3026820043
3026820044
3026820045
3026820046
3026820047
3026820048
3026820050
3026820051
3026820052
3026820053
3026820054
3026820055
3026820056
3026820057
3026820058
3026820059
3026820106
3026820112
3026827501
3026827502
3026830001
3026830002
3026830003
3026830004
3026830005
3026830006
3026830007
3026830008
3026830009
3026830010
3026830011
3026830012
3026830017
3026830018
3026830019
3026830020
3026830021
3026830022
3026830023
3026830024
3026830025
3026830026
3026830027
3026830028
3026830030
3026830032
3026830033
3026830035
3026830036
3026830037
3026830038
3026830039
3026830041
3026830043
3026830045
3026830047
3026830049
3026830051
3026830052
3026830054
3026830056
3026830058
3026830060
3026830062
3026830064
3026830122
3026837501
3026837502
3026840001
3026840002
3026840003
3026840004
3026840005
3026840007
3026840008
3026840009
3026840010
3026840011
3026840012
3026840013
3026840014
3026840018
3026840019
3026840020
3026840021
3026840023
3026840024
3026840025
3026840026
3026840027
3026840028
3026840029
3026840031
3026840032
3026840034
3026840035
3026840036
3026840037
3026840038
3026840040
3026840042
3026840048
3026840049
3026840051
3026840052
3026840053
3026840054
3026840055
3026840056
3026840057
3026840058
3026840059
3026840060
3026840061
3026840062
3026840063
3026840064
3026840065
3026840066
3026840067
3026840068
3026840069
3026840070
3026847501
3026847502
3026847503
3026850001
3026850002
3026850003
3026850004
3026850005
3026850006
3026850007
3026850009
3026850010
3026850011
3026850012
3026850013
3026850014
3026850015
3026850016
3026850017
3026850018
3026850019
3026850020
3026850021
3026850022
3026850023
3026850024
3026850025
3026850026
3026850027
3026850028
3026850029
3026850030
3026850031
3026850032
3026850033
3026850034
3026850035
3026850036
3026850037
3026850038
3026850040
3026850041
3026850047
3026850048
3026850049
3026850050
3026850051
3026850052
3026850053
3026850054
3026850056
3026850057
3026850058
3026850060
3026850062
3026850063
3026850065
3026850066
3026850067
3026850068
3026850069
3026850070
3026850071
3026850072
3026857501
3026860001
3026860002
3026860003
3026860004
3026860005
3026860006
3026860007
3026860008
3026860010
3026860011
3026860012
3026860014
3026860015
3026860016
3026860019
3026860020
3026860021
3026860022
3026860023
3026860024
3026860025
3026860026
3026860027
3026860028
3026860029
3026860031
3026860032
3026860034
3026860035
3026860037
3026860038
3026860040
3026860041
3026860043
3026860044
3026860045
3026860046
3026860047
3026860048
3026860050
3026860051
3026860052
3026860053
3026860055
3026860056
3026860057
3026860058
3026860059
3026860060
3026860061
3026860062
3026860063
3026860064
3026860065
3026860067
3026860068
3026860069
3026860070
3026860071
3026860072
3026860073
3026860074
3026860075
3026860076
3026860077
3026860078
3026860079
3026860080
3026860081
3026860082
3026860083
3026860084
3026860085
3026860086
3026860087
3026867501
3026870001
3026880001
3026880003
3026880004
3026880005
3026880006
3026880007
3026880008
3026880012
3026880013
3026880014
3026880015
3026880016
3026880017
3026880018
3026880019
3026880020
3026880021
3026880022
3026880023
3026880024
3026880025
3026880026
3026880027
3026880029
3026880030
3026880032
3026880034
3026880035
3026880036
3026880037
3026880038
3026880040
3026880041
3026880042
3026880057
3026880059
3026880061
3026880062
3026880064
3026880065
3026880066
3026880067
3026880068
3026880069
3026880070
3026880071
3026880072
3026880073
3026880074
3026880075
3026880076
3026880077
3026880078
3026880079
3026880080
3026880081
3026880082
3026880083
3026880084
3026880085
3026880086
3026880087
3026880088
3026880089
3026880090
3026880091
3026880092
3026880093
3026880107
3026887501
3026887502
3026890001
3026890002
3026890003
3026890004
3026890005
3026890006
3026890007
3026890008
3026890009
3026890010
3026890012
3026890013
3026890014
3026890015
3026890016
3026890017
3026890018
3026890019
3026890020
3026890021
3026890023
3026890024
3026890027
3026890028
3026890029
3026890030
3026890031
3026890032
3026890033
3026890035
3026890036
3026890038
3026890039
3026890040
3026890041
3026890042
3026890043
3026890044
3026890045
3026890046
3026890048
3026890049
3026890050
3026890051
3026890053
3026890054
3026890055
3026890056
3026890057
3026890058
3026890059
3026890060
3026890061
3026890062
3026890063
3026890064
3026890065
3026890066
3026890067
3026890068
3026890069
3026890070
3026890071
3026890072
3026890073
3026890074
3026890076
3026890077
3026890078
3026890079
3026890080
3026890081
3026890082
3026890083
3026897501
3026900001
3026900002
3026900003
3026900004
3026900005
3026900006
3026900007
3026900008
3026900010
3026900011
3026900012
3026900013
3026900014
3026900015
3026900016
3026900017
3026900018
3026900019
3026900020
3026900021
3026900022
3026900023
3026900024
3026900025
3026900026
3026900027
3026900028
3026900029
3026900030
3026900031
3026900032
3026900033
3026900034
3026900035
3026900036
3026900037
3026900038
3026900039
3026900040
3026900041
3026900042
3026900043
3026900044
3026900045
3026900046
3026900047
3026900048
3026900049
3026900050
3026900051
3026900052
3026900053
3026900054
3026900055
3026900056
3026900057
3026900058
3026900059
3026900060
3026900061
3026900062
3026900063
3026900064
3026900065
3026900066
3026900067
3026900068
3026900069
3026900070
3026900071
3026900072
3026900073
3026900074
3026900075
3026900076
3026900116
3026900117
3026900118
3026900119
3026900121
3026900124
3026910005
3026910007
3026910008
3026910009
3026910011
3026910012
3026910013
3026910014
3026910015
3026910016
3026910017
3026910018
3026910019
3026910020
3026910021
3026910022
3026910023
3026910024
3026910025
3026910026
3026910027
3026910028
3026910029
3026910030
3026910031
3026910032
3026910033
3026910034
3026910037
3026910038
3026910039
3026910040
3026910041
3026910042
3026910043
3026910044
3026910045
3026910046
3026910047
3026910049
3026910052
3026910053
3026910054
3026910055
3026910056
3026910057
3026910058
3026910059
3026910060
3026910062
3026910063
3026910064
3026910065
3026910066
3026910068
3026910069
3026910071
3026910073
3026910074
3026910075
3026910076
3026910077
3026910078
3026910079
3026910080
3026910081
3026910082
3026910083
3026910084
3026910085
3026910086
3026910087
3026910088
3026910089
3026910090
3026910091
3026917501
3026917502
3026917503
3026917504
3026917505
3026920001
3026920002
3026920003
3026920004
3026920005
3026920006
3026920008
3026920009
3026920011
3026920012
3026920013
3026920014
3026920015
3026920016
3026920017
3026920018
3026920019
3026920020
3026920021
3026920022
3026920024
3026920025
3026920026
3026920027
3026920028
3026920029
3026920030
3026920031
3026920032
3026920036
3026920037
3026920038
3026920039
3026920040
3026920041
3026920042
3026920043
3026920044
3026920045
3026920046
3026920047
3026920049
3026920050
3026920051
3026920052
3026920053
3026920056
3026920057
3026920058
3026920059
3026920060
3026920061
3026920062
3026920063
3026920064
3026920065
3026920066
3026920067
3026920068
3026920069
3026920070
3026920071
3026920073
3026920074
3026920075
3026920076
3026920121
3026920145
3026927501
3026930001
3026930010
3026930012
3026930013
3026930015
3026930016
3026930017
3026930018
3026930019
3026930020
3026930021
3026930022
3026930023
3026930024
3026930025
3026930026
3026930027
3026930030
3026930031
3026930032
3026930033
3026930034
3026930035
3026930036
3026930038
3026930041
3026930042
3026930043
3026930044
3026930045
3026930046
3026930047
3026930048
3026930049
3026930050
3026930051
3026930115
3026930116
3026930142
3026930147
3026940001
3026940002
3026940005
3026940006
3026940007
3026940011
3026940015
3026940021
3026940022
3026940025
3026940038
3026940042
3026940046
3026960001
3026977501
3026977502
3026977503
3026977504
3026980005
3026980007
3026980009
3026980010
3026980011
3026980015
3026980016
3026980017
3026980018
3026980019
3026980020
3026980025
3026980032
3026980037
3026987501
3026987502
3026990001
3026990002
3026990003
3026990004
3026990005
3026990006
3026990007
3026990008
3026990009
3026990014
3026990020
3026990021
3026990022
3026990023
3026990024
3026990026
3026990027
3026990028
3026990029
3026990030
3026990031
3026990032
3026990035
3026990036
3026990037
3026990038
3026997501
3027000001
3027000002
3027000003
3027000004
3027000006
3027000016
3027000017
3027000018
3027000020
3027000032
3027000038
3027000039
3027000040
3027000041
3027000042
3027000043
3027000044
3027000045
3027000046
3027000047
3027000055
3027007501
3027010001
3027010003
3027010004
3027010005
3027010006
3027010007
3027010008
3027010009
3027010010
3027010011
3027010020
3027010022
3027010023
3027010024
3027010025
3027010027
3027010028
3027010029
3027010030
3027010031
3027010032
3027010033
3027010035
3027010036
3027010037
3027010038
3027010039
3027010040
3027010041
3027010042
3027010043
3027010044
3027010050
3027010052
3027010053
3027010054
3027017501
3027017502
3027020001
3027020006
3027020007
3027020008
3027020009
3027020010
3027020011
3027020012
3027020013
3027020014
3027020015
3027020016
3027020017
3027020018
3027020019
3027020020
3027020021
3027020022
3027020023
3027020024
3027020025
3027020027
3027020028
3027020029
3027020030
3027020031
3027020032
3027020033
3027020034
3027020035
3027020036
3027020037
3027020038
3027020040
3027020041
3027020042
3027020043
3027020044
3027020045
3027030004
3027030005
3027030006
3027030008
3027030009
3027030010
3027030011
3027030012
3027030013
3027030014
3027030015
3027030016
3027030017
3027030019
3027030022
3027030023
3027030024
3027030025
3027030026
3027030028
3027030029
3027030030
3027030031
3027030032
3027030033
3027030034
3027030035
3027030036
3027030037
3027030038
3027030039
3027030040
3027030041
3027030042
3027030043
3027030138
3027037501
3027040001
3027040002
3027040003
3027040004
3027040005
3027040006
3027040007
3027040008
3027040009
3027040010
3027040011
3027040012
3027040013
3027040014
3027040015
3027040016
3027040018
3027040020
3027040022
3027040023
3027040024
3027040025
3027040027
3027040028
3027040029
3027040030
3027040031
3027040032
3027040033
3027040034
3027040035
3027040036
3027040037
3027040038
3027040039
3027040040
3027040041
3027040042
3027040044
3027040046
3027040047
3027040048
3027040049
3027050001
3027050003
3027050004
3027050005
3027050006
3027050007
3027050008
3027050009
3027050010
3027050012
3027050013
3027050015
3027050016
3027050017
3027050018
3027050019
3027050020
3027050021
3027050022
3027050023
3027050025
3027050026
3027050027
3027050028
3027050030
3027050031
3027050032
3027050033
3027050034
3027050035
3027050037
3027050038
3027050040
3027050042
3027050043
3027050044
3027050045
3027057501
3027057502
3027060001
3027060004
3027060005
3027060006
3027060007
3027060008
3027060009
3027060011
3027060012
3027060013
3027060014
3027060015
3027060016
3027060017
3027060018
3027060020
3027060021
3027060023
3027060025
3027060026
3027060027
3027060028
3027060029
3027070001
3027070002
3027070003
3027070005
3027070007
3027070009
3027070011
3027070101
3027120001
3027130001
3027137501
3027137502
3027140001
3027140017
3027140018
3027140019
3027140020
3027140021
3027140022
3027140023
3027140024
3027140025
3027140026
3027140028
3027140029
3027140033
3027147501
3027147502
3027150001
3027150002
3027150003
3027150004
3027150005
3027150007
3027150009
3027150011
3027150013
3027150014
3027150017
3027150022
3027150025
3027150027
3027190017
3027190019
3027190020
3027190021
3027190022
3027190023
3027190025
3027190026
3027190027
3027190028
3027190029
3027190030
3027190031
3027190032
3027190035
3027190036
3027197501
3027197502
3027197503
3027200001
3027200002
3027200003
3027200004
3027200005
3027200006
3027200008
3027200009
3027200010
3027200012
3027200013
3027200014
3027200015
3027200016
3027200017
3027200018
3027200019
3027200024
3027200025
3027200026
3027200027
3027200028
3027200029
3027200031
3027200032
3027200033
3027200034
3027200041
3027200042
3027200044
3027200045
3027200046
3027200047
3027200048
3027207501
3027210001
3027210002
3027210003
3027210004
3027210010
3027210032
3027210033
3027210035
3027210036
3027210037
3027210045
3027210046
3027210051
3027217501
3027217502
3027217503
3027217504
3027217505
3027220001
3027220002
3027220003
3027220004
3027220005
3027220006
3027220007
3027220008
3027220010
3027220013
3027220015
3027220016
3027220017
3027220025
3027220028
3027220032
3027220033
3027220036
3027220105
3027227501
3027230001
3027230005
3027230007
3027230014
3027230021
3027230027
3027230029
3027230030
3027230031
3027230032
3027230033
3027230036
3027230037
3027230038
3027237501
3027240001
3027240007
3027240010
3027240012
3027240013
3027240014
3027240015
3027240016
3027240017
3027240018
3027240024
3027240025
3027240027
3027240028
3027240029
3027240030
3027240031
3027240033
3027240034
3027250001
3027250003
3027250004
3027250005
3027250006
3027250007
3027250008
3027250009
3027250010
3027250011
3027250012
3027250018
3027250019
3027250020
3027250021
3027250022
3027250025
3027250026
3027250028
3027250118
3027250120
3027250121
3027250123
3027250124
3027250125
3027250126
3027257501
3027257502
3027260001
3027260002
3027260003
3027260004
3027260005
3027260006
3027260007
3027260008
3027260009
3027260010
3027260011
3027260012
3027260013
3027260014
3027270001
3027270011
3027270012
3027270013
3027270014
3027270015
3027270016
3027270017
3027270018
3027270020
3027270021
3027270022
3027270023
3027270024
3027270025
3027270026
3027270027
3027270028
3027270029
3027270031
3027270032
3027270033
3027270034
3027270035
3027270036
3027270037
3027270038
3027270039
3027270040
3027270041
3027270042
3027270043
3027270046
3027270047
3027280001
3027280004
3027280005
3027280007
3027280010
3027280011
3027280012
3027280013
3027280014
3027280015
3027280016
3027280018
3027280019
3027280020
3027280021
3027280022
3027280024
3027280027
3027280030
3027280031
3027280032
3027280033
3027280034
3027280035
3027280036
3027287501
3027290001
3027290002
3027290004
3027290005
3027290008
3027290010
3027290012
3027290013
3027290014
3027290015
3027290016
3027290020
3027297501
3027300001
3027310001
3027310012
3027310016
3027310017
3027310018
3027310019
3027310020
3027310021
3027310022
3027310024
3027310025
3027310026
3027310027
3027310028
3027310029
3027310030
3027310031
3027310032
3027310033
3027310034
3027310037
3027310038
3027310041
3027310043
3027310044
3027317501
3027317502
3027320001
3027320002
